provider_code,service_group,reviews,observed_negative_rate,mean_risk_probability,recent_risk_probability,trend_delta,high_severity_rate,top_aspect,risk_score,risk_tier,recommended_action,recent_reviews,previous_reviews,latest_review
Provider_0235,Cleaning & Restoration,25,1.0,0.9673103880046373,0.9673103880046373,,0.12,Professionalism / Trust,98.77952755905513,High concern,Review conduct complaints and reinforce customer-service standards.,0,0,2016-12-18 17:16:09
Provider_0442,"Electrical, Solar & Security",25,0.92,0.8741440597603319,0.9557093522888624,,0.08,Workmanship,96.81102362204724,High concern,"Audit repeat jobs, callbacks, and post-service quality checks.",2,4,2021-07-27 23:16:17
Provider_0545,Repair & Installation,95,0.8315789473684211,0.8171821933236003,0.9811221583562764,0.12198368909863455,0.11578947368421053,Reliability / No-show,96.49606299212599,High concern,"Review scheduling, dispatch, and appointment-confirmation controls.",18,18,2022-01-14 00:03:28
Provider_0907,Property Management & Inspection,55,0.8545454545454545,0.8712387171925966,0.9153455088619077,,0.05454545454545454,Professionalism / Trust,93.66141732283464,High concern,Review conduct complaints and reinforce customer-service standards.,4,0,2021-12-01 23:03:08
Provider_0979,Property Management & Inspection,29,0.8620689655172413,0.8269982210424461,0.9180791955775098,,0.06896551724137931,Professionalism / Trust,93.62204724409449,High concern,Review conduct complaints and reinforce customer-service standards.,1,3,2021-08-02 19:14:26
Provider_0384,Plumbing & Water,26,0.7692307692307693,0.7431577245824634,0.8810483993219821,-0.02497589354589047,0.07692307692307693,Professionalism / Trust,90.19685039370077,High concern,Review conduct complaints and reinforce customer-service standards.,4,4,2021-08-31 23:02:17
Provider_0816,Property Management & Inspection,30,0.8666666666666667,0.8508510416572114,0.9683956856062332,,0.03333333333333333,Professionalism / Trust,89.99999999999999,Elevated,Review conduct complaints and reinforce customer-service standards.,1,6,2021-12-20 16:28:57
Provider_0697,"Electrical, Solar & Security",45,0.9111111111111111,0.8852840316526162,0.9450455662321517,0.02642466788062936,0.022222222222222223,Professionalism / Trust,89.60629921259843,Elevated,Review conduct complaints and reinforce customer-service standards.,11,5,2021-12-07 20:37:08
Provider_0342,Moving & Hauling,108,0.8425925925925926,0.8092662234591467,0.9041031329735705,-0.05021163241815807,0.046296296296296294,Professionalism / Trust,89.4488188976378,Elevated,Review conduct complaints and reinforce customer-service standards.,12,14,2021-12-08 20:59:03
Provider_0834,Property Management & Inspection,20,0.75,0.7703692875036136,0.7703692875036136,,0.1,Professionalism / Trust,89.29133858267716,Elevated,Review conduct complaints and reinforce customer-service standards.,0,0,2018-01-25 00:06:47
Provider_0496,Property Management & Inspection,59,0.8813559322033898,0.8736090179303907,0.9747266467791652,0.004777998425175012,0.01694915254237288,Professionalism / Trust,89.05511811023624,Elevated,Review conduct complaints and reinforce customer-service standards.,3,9,2021-12-14 22:16:14
Provider_0984,Property Management & Inspection,43,0.6511627906976745,0.7022855465746956,0.8876646409059802,0.2753829329538907,0.09302325581395349,Professionalism / Trust,88.89763779527559,Elevated,Review conduct complaints and reinforce customer-service standards.,10,3,2022-01-19 14:05:26
Provider_0180,Property Management & Inspection,36,0.8611111111111112,0.8799793505038978,0.8637487178586417,-0.0002999412555613201,0.027777777777777776,Communication,88.03149606299212,Elevated,"Strengthen callback ownership, status updates, and escalation procedures.",10,10,2021-12-08 16:28:54
Provider_0440,Construction & Remodeling,106,0.8962264150943396,0.8837686556120607,0.9235521044330084,0.16619045716183367,0.009433962264150943,Reliability / No-show,87.8740157480315,Elevated,"Review scheduling, dispatch, and appointment-confirmation controls.",36,6,2022-01-19 16:30:50
Provider_0032,Plumbing & Water,20,0.8,0.7102643577441338,0.9489503726189982,,0.05,Professionalism / Trust,87.44094488188978,Elevated,Review conduct complaints and reinforce customer-service standards.,2,2,2021-06-20 16:11:06
Provider_0611,Property Management & Inspection,33,0.8787878787878788,0.8634119969102924,0.8634119969102924,,0.030303030303030304,Professionalism / Trust,87.32283464566927,Elevated,Review conduct complaints and reinforce customer-service standards.,0,1,2020-07-01 10:02:53
Provider_0631,Cleaning & Restoration,38,0.5263157894736842,0.5737560428871418,0.9808973000331997,,0.05263157894736842,Pricing / Billing,86.41732283464567,Elevated,"Review estimate accuracy, change-order approvals, and fee disclosure.",1,4,2021-05-06 05:58:47
Provider_0302,Property Management & Inspection,50,0.84,0.8664609244567177,0.8664609244567177,,0.02,Professionalism / Trust,86.25984251968504,Elevated,Review conduct complaints and reinforce customer-service standards.,0,4,2020-09-08 09:30:40
Provider_0997,Plumbing & Water,96,0.5833333333333334,0.6114285890711325,0.788236550578003,0.04436132422305783,0.09375,Pricing / Billing,85.1968503937008,Elevated,"Review estimate accuracy, change-order approvals, and fee disclosure.",14,4,2022-01-10 23:24:20
Provider_0292,Repair & Installation,50,0.72,0.7400624289194349,0.9714679154317699,,0.02,Reliability / No-show,84.92125984251969,Elevated,"Review scheduling, dispatch, and appointment-confirmation controls.",2,2,2021-10-30 17:49:41
Provider_0305,Construction & Remodeling,58,0.7931034482758621,0.8107193277692875,0.8942668029554696,0.14992016614220416,0.017241379310344827,Professionalism / Trust,84.88188976377953,Elevated,Review conduct complaints and reinforce customer-service standards.,17,4,2021-11-18 18:32:26
Provider_0937,Property Management & Inspection,30,0.7333333333333333,0.7998877870253295,0.7998877870253295,,0.03333333333333333,Professionalism / Trust,84.84251968503938,Elevated,Review conduct complaints and reinforce customer-service standards.,0,1,2020-05-26 04:46:44
Provider_0348,Plumbing & Water,40,0.7,0.7152495248520572,0.6547004129617534,,0.25,Workmanship,84.84251968503938,Elevated,"Audit repeat jobs, callbacks, and post-service quality checks.",9,2,2021-07-23 14:03:47
Provider_0846,Cleaning & Restoration,23,0.7391304347826086,0.7279572924513487,0.8289837732961098,,0.043478260869565216,Pricing / Billing,84.4488188976378,Elevated,"Review estimate accuracy, change-order approvals, and fee disclosure.",2,2,2021-12-23 20:29:33
Provider_0401,Plumbing & Water,37,0.7297297297297297,0.6969134181607911,0.7896946474027956,,0.05405405405405406,Workmanship,84.29133858267717,Elevated,"Audit repeat jobs, callbacks, and post-service quality checks.",1,6,2021-06-08 23:57:37
Provider_0461,"Electrical, Solar & Security",28,0.7142857142857143,0.782334008036688,0.7463423237071589,0.05619493691648081,0.03571428571428571,Professionalism / Trust,83.9763779527559,Elevated,Review conduct complaints and reinforce customer-service standards.,4,3,2021-09-10 22:00:46
Provider_0426,Plumbing & Water,52,0.8461538461538461,0.8688507631733077,0.9646533029240377,,0.0,Reliability / No-show,82.63779527559055,Elevated,"Review scheduling, dispatch, and appointment-confirmation controls.",6,2,2021-10-02 00:50:39
Provider_1044,Property Management & Inspection,43,0.8372093023255814,0.86151428449221,0.5664085165672144,-0.36041359238432247,0.046511627906976744,Professionalism / Trust,82.51968503937009,Elevated,Review conduct complaints and reinforce customer-service standards.,4,3,2021-09-24 19:57:40
Provider_0813,Plumbing & Water,78,0.6538461538461539,0.6512608943276167,0.7619647054933898,0.21481846244140634,0.05128205128205128,Professionalism / Trust,82.3228346456693,Elevated,Review conduct complaints and reinforce customer-service standards.,18,7,2021-10-31 01:34:10
Provider_0690,Property Management & Inspection,52,0.7307692307692307,0.748075801769448,0.810032366221374,0.09725327451570864,0.019230769230769232,Professionalism / Trust,81.81102362204724,Elevated,Review conduct complaints and reinforce customer-service standards.,11,13,2021-12-16 17:18:43
Provider_0675,Moving & Hauling,49,0.673469387755102,0.6782295597660459,0.9393341335687723,0.24554009500666607,0.02040816326530612,Pricing / Billing,81.41732283464566,Elevated,"Review estimate accuracy, change-order approvals, and fee disclosure.",8,7,2021-12-30 18:41:44
Provider_0217,Moving & Hauling,23,0.6956521739130435,0.7176402728236971,0.7176402728236971,,0.043478260869565216,Professionalism / Trust,81.37795275590551,Elevated,Review conduct complaints and reinforce customer-service standards.,0,0,2018-07-04 17:25:49
Provider_0375,Repair & Installation,30,0.4666666666666667,0.5101438079825571,0.8856168984989715,0.44412894093235106,0.06666666666666667,Workmanship,80.74803149606299,Elevated,"Audit repeat jobs, callbacks, and post-service quality checks.",6,5,2021-11-14 13:57:18
Provider_0273,Plumbing & Water,100,0.53,0.5560811753103025,0.6706269716273069,0.017350679349488085,0.11,Workmanship,80.59055118110237,Elevated,"Audit repeat jobs, callbacks, and post-service quality checks.",15,12,2021-11-11 20:22:26
Provider_0975,Plumbing & Water,84,0.6785714285714286,0.6528533497845834,0.619740796168495,-0.15372493452651326,0.07142857142857142,Professionalism / Trust,80.47244094488188,Elevated,Review conduct complaints and reinforce customer-service standards.,6,12,2022-01-19 14:39:51
Provider_0319,HVAC & Air Quality,37,0.5405405405405406,0.5658532326761044,0.7228752716397595,,0.05405405405405406,Reliability / No-show,80.19685039370079,Elevated,"Review scheduling, dispatch, and appointment-confirmation controls.",7,2,2021-09-02 18:11:30
Provider_1014,Property Management & Inspection,29,0.8275862068965517,0.7911380297758457,0.9531968530200758,0.32128818808141335,0.0,Professionalism / Trust,80.03937007874016,Elevated,Review conduct complaints and reinforce customer-service standards.,10,6,2021-11-08 18:27:51
Provider_0555,Property Management & Inspection,28,0.7142857142857143,0.7452776511328523,0.9953697106145423,,0.0,Professionalism / Trust,79.96062992125982,Elevated,Review conduct complaints and reinforce customer-service standards.,1,2,2021-03-05 15:42:17
Provider_1020,HVAC & Air Quality,36,0.6388888888888888,0.628727228611855,0.589422948191866,-0.25953178787058295,0.08333333333333333,Professionalism / Trust,79.92125984251967,Elevated,Review conduct complaints and reinforce customer-service standards.,4,4,2021-09-14 14:13:55
Provider_0558,Property Management & Inspection,44,0.6590909090909091,0.680352187910976,0.680352187910976,,0.045454545454545456,Professionalism / Trust,79.56692913385827,Elevated,Review conduct complaints and reinforce customer-service standards.,0,6,2020-11-09 00:35:10
Provider_0151,Construction & Remodeling,20,0.4,0.5159329229770914,0.8437260282339699,,0.05,Professionalism / Trust,79.4488188976378,Elevated,Review conduct complaints and reinforce customer-service standards.,1,1,2021-09-14 18:27:53
Provider_0921,Property Management & Inspection,34,0.7058823529411765,0.7205464597477158,0.7166628490072734,,0.029411764705882353,Professionalism / Trust,79.1732283464567,Elevated,Review conduct complaints and reinforce customer-service standards.,4,2,2021-10-30 04:43:45
Provider_0680,Plumbing & Water,73,0.5068493150684932,0.5618416477318169,0.6403755449449948,-0.02577733357178691,0.0684931506849315,Pricing / Billing,78.81889763779529,Elevated,"Review estimate accuracy, change-order approvals, and fee disclosure.",14,12,2021-11-30 21:14:52
Provider_0623,Property Management & Inspection,27,0.8148148148148148,0.8131955059543435,0.85086609799797,0.11501315355982566,0.0,Professionalism / Trust,78.34645669291338,Elevated,Review conduct complaints and reinforce customer-service standards.,8,8,2021-11-05 16:02:07
Provider_0101,Outdoor & Landscaping,21,0.6190476190476191,0.5966576464376085,0.6800559801666581,0.1415219071175201,0.047619047619047616,Pricing / Billing,78.30708661417323,Elevated,"Review estimate accuracy, change-order approvals, and fee disclosure.",4,6,2021-12-29 18:46:19
Provider_0379,"Electrical, Solar & Security",104,0.6057692307692307,0.6512706982393742,0.7352273749723193,0.014351759657772134,0.028846153846153848,Professionalism / Trust,77.83464566929133,Elevated,Review conduct complaints and reinforce customer-service standards.,9,12,2022-01-09 21:54:38
Provider_0470,Outdoor & Landscaping,40,0.5,0.5117298833845634,0.7936071715873031,0.4392589972939644,0.05,Workmanship,77.71653543307087,Elevated,"Audit repeat jobs, callbacks, and post-service quality checks.",12,15,2021-10-13 01:12:45
Provider_0891,Property Management & Inspection,20,0.7,0.7774409233936108,0.8789227795097809,-0.031082014764713284,0.0,Reliability / No-show,77.55905511811024,Elevated,"Review scheduling, dispatch, and appointment-confirmation controls.",4,4,2021-09-19 08:17:03
Provider_0508,Plumbing & Water,24,0.5833333333333334,0.5117637202428501,0.834105805558827,,0.041666666666666664,Pricing / Billing,76.85039370078741,Elevated,"Review estimate accuracy, change-order approvals, and fee disclosure.",1,2,2021-06-11 18:41:16
Provider_0630,Property Management & Inspection,25,0.44,0.5292521319826263,0.5590552662817693,,0.12,Safety / Property Damage,76.2992125984252,Elevated,Escalate for human review and investigate the reported safety/property-damage signal.,2,5,2021-08-10 13:05:23
Provider_0751,Plumbing & Water,27,0.48148148148148145,0.5015759286241622,0.687045787521408,,0.07407407407407407,Professionalism / Trust,76.14173228346456,Elevated,Review conduct complaints and reinforce customer-service standards.,4,2,2021-07-19 22:22:29
Provider_0837,"Electrical, Solar & Security",46,0.6956521739130435,0.7105289788569963,0.9162728038363658,0.14144552194234783,0.0,Professionalism / Trust,75.86614173228345,Elevated,Review conduct complaints and reinforce customer-service standards.,8,7,2021-11-15 07:29:41
Provider_0777,Construction & Remodeling,26,0.8461538461538461,0.7776980128051559,0.7410688777899893,,0.0,No dictionary match,75.15748031496062,Elevated,Perform manual review and expand the domain phrase dictionary.,8,2,2021-09-19 22:27:39
Provider_0334,Outdoor & Landscaping,34,0.38235294117647056,0.4540703553613912,0.9854177063360111,,0.029411764705882353,Workmanship,74.56692913385827,Watch,"Audit repeat jobs, callbacks, and post-service quality checks.",2,2,2021-03-21 03:43:38
Provider_0827,Cleaning & Restoration,24,0.5,0.5055743327201078,0.5748401434025625,,0.08333333333333333,Professionalism / Trust,73.81889763779527,Watch,Review conduct complaints and reinforce customer-service standards.,2,4,2021-08-28 19:05:53
Provider_0584,Property Management & Inspection,29,0.4482758620689655,0.504450981938764,0.5491893358216816,,0.1724137931034483,Professionalism / Trust,73.54330708661418,Watch,Review conduct complaints and reinforce customer-service standards.,2,4,2021-09-01 17:24:10
Provider_0382,"Electrical, Solar & Security",73,0.7808219178082192,0.8232945073256897,0.6246199821865919,,0.0,Reliability / No-show,73.18897637795276,Watch,"Review scheduling, dispatch, and appointment-confirmation controls.",8,2,2022-01-19 19:43:47
Provider_0025,Cleaning & Restoration,21,0.7142857142857143,0.730299479300462,0.730299479300462,,0.0,Professionalism / Trust,73.03149606299212,Watch,Review conduct complaints and reinforce customer-service standards.,0,0,2017-08-29 22:49:48
Provider_0706,Plumbing & Water,25,0.64,0.7239790443994513,0.7304303619400134,0.169456056804294,0.0,Professionalism / Trust,72.75590551181101,Watch,Review conduct complaints and reinforce customer-service standards.,13,5,2021-11-13 18:14:43
Provider_0735,Moving & Hauling,24,0.3333333333333333,0.38493296130919963,0.9845233761478819,,0.041666666666666664,Pricing / Billing,72.55905511811024,Watch,"Review estimate accuracy, change-order approvals, and fee disclosure.",1,2,2021-04-05 15:07:59
Provider_0350,Outdoor & Landscaping,39,0.48717948717948717,0.46541196624590314,0.8956819126594027,,0.02564102564102564,Workmanship,72.1259842519685,Watch,"Audit repeat jobs, callbacks, and post-service quality checks.",4,1,2021-11-30 17:37:18
Provider_0908,Plumbing & Water,33,0.3333333333333333,0.5121344099994608,0.5121344099994608,,0.06060606060606061,Pricing / Billing,71.61417322834646,Watch,"Review estimate accuracy, change-order approvals, and fee disclosure.",0,0,2019-06-21 01:23:31
Provider_0867,Construction & Remodeling,48,0.4166666666666667,0.40397111503814315,0.7271408304844741,0.13994602948570378,0.0625,Reliability / No-show,71.02362204724409,Watch,"Review scheduling, dispatch, and appointment-confirmation controls.",3,5,2021-11-18 16:26:14
Provider_0207,Construction & Remodeling,21,0.7619047619047619,0.7303929602273951,0.6479264201857643,-0.25981838765077736,0.0,Pricing / Billing,70.98425196850393,Watch,"Review estimate accuracy, change-order approvals, and fee disclosure.",6,3,2021-11-17 21:50:41
Provider_0120,Construction & Remodeling,31,0.5483870967741935,0.5445042844460559,0.8605071810880586,0.2090384847376987,0.0,Reliability / No-show,70.0,Watch,"Review scheduling, dispatch, and appointment-confirmation controls.",8,3,2022-01-05 18:16:37
Provider_0982,Construction & Remodeling,21,0.5238095238095238,0.5507096736914165,0.7709796665904525,,0.0,Timeliness,68.54330708661416,Watch,Investigate cycle-time bottlenecks and customer delay notifications.,2,2,2021-11-08 22:13:26
Provider_0563,Plumbing & Water,40,0.35,0.4737104186229072,0.530943852053902,0.11125182106590431,0.05,Timeliness,68.1496062992126,Watch,Investigate cycle-time bottlenecks and customer delay notifications.,5,5,2022-01-13 14:24:25
Provider_0818,Repair & Installation,47,0.3617021276595745,0.37505291232555993,0.6305905178101259,0.10869505926969925,0.0851063829787234,Workmanship,68.03149606299212,Watch,"Audit repeat jobs, callbacks, and post-service quality checks.",9,4,2021-11-27 20:46:35
Provider_0422,Construction & Remodeling,37,0.5135135135135135,0.48733802822026645,0.4518556837317744,0.26142345071396067,0.05405405405405406,Safety / Property Damage,67.67716535433071,Watch,Escalate for human review and investigate the reported safety/property-damage signal.,4,7,2021-08-28 02:20:54
Provider_0424,HVAC & Air Quality,20,0.4,0.4734774137906171,0.9435681560341379,0.7327414788468486,0.0,Communication,67.28346456692913,Watch,"Strengthen callback ownership, status updates, and escalation procedures.",6,4,2021-11-12 18:57:47
Provider_0505,Construction & Remodeling,49,0.42857142857142855,0.5110279814018368,0.3258090959401454,,0.061224489795918366,Reliability / No-show,67.00787401574803,Watch,"Review scheduling, dispatch, and appointment-confirmation controls.",8,2,2021-12-23 04:22:18
Provider_1054,Cleaning & Restoration,26,0.6923076923076923,0.5732758766938215,0.6695740560116382,,0.0,Timeliness,67.00787401574803,Watch,Investigate cycle-time bottlenecks and customer delay notifications.,5,1,2021-11-23 19:16:49
Provider_1040,Outdoor & Landscaping,23,0.43478260869565216,0.4182238518481805,0.5016793664329706,,0.08695652173913043,Workmanship,66.88976377952756,Watch,"Audit repeat jobs, callbacks, and post-service quality checks.",5,2,2022-01-12 10:26:01
Provider_0185,Construction & Remodeling,82,0.5487804878048781,0.5613721042777412,0.267742047261265,-0.24539588728394407,0.04878048780487805,Professionalism / Trust,66.77165354330708,Watch,Review conduct complaints and reinforce customer-service standards.,13,12,2022-01-18 22:38:25
Provider_0595,Construction & Remodeling,24,0.5,0.5404912195981738,0.6828137968506208,0.18931736897701795,0.0,Professionalism / Trust,65.90551181102362,Watch,Review conduct complaints and reinforce customer-service standards.,4,5,2021-08-23 15:11:13
Provider_0782,Construction & Remodeling,46,0.5434782608695652,0.5994915347229349,0.5815554613800225,-0.009817698499377636,0.0,No dictionary match,65.31496062992126,Watch,Perform manual review and expand the domain phrase dictionary.,4,8,2021-11-04 01:15:11
Provider_0482,Moving & Hauling,32,0.34375,0.39240983767844756,0.7062538225624088,0.6195442491060549,0.03125,Pricing / Billing,64.64566929133858,Watch,"Review estimate accuracy, change-order approvals, and fee disclosure.",4,3,2021-11-23 03:03:22
Provider_0939,Repair & Installation,29,0.4482758620689655,0.5252527716187348,0.6575940132538527,,0.0,Pricing / Billing,64.5275590551181,Watch,"Review estimate accuracy, change-order approvals, and fee disclosure.",8,1,2022-01-10 20:36:58
Provider_0828,Plumbing & Water,127,0.3779527559055118,0.42551684958015035,0.5131815170463028,0.17519561490031915,0.047244094488188976,Pricing / Billing,64.13385826771653,Watch,"Review estimate accuracy, change-order approvals, and fee disclosure.",23,21,2021-12-10 22:22:10
Provider_0124,"Electrical, Solar & Security",28,0.25,0.4264637448617683,0.5620535040939743,,0.03571428571428571,Workmanship,63.897637795275585,Watch,"Audit repeat jobs, callbacks, and post-service quality checks.",4,1,2021-12-20 23:23:58
Provider_0465,Plumbing & Water,29,0.4827586206896552,0.4722629815815439,0.4722629815815439,,0.034482758620689655,Workmanship,63.858267716535444,Watch,"Audit repeat jobs, callbacks, and post-service quality checks.",0,5,2020-09-06 16:08:34
Provider_0028,Construction & Remodeling,32,0.40625,0.4656046792128704,0.8061175033839705,0.1096650529509341,0.0,Reliability / No-show,63.661417322834644,Watch,"Review scheduling, dispatch, and appointment-confirmation controls.",4,3,2022-01-09 17:38:09
Provider_0534,Repair & Installation,58,0.2413793103448276,0.3003606708792458,0.704224362163713,,0.06896551724137931,Workmanship,63.4251968503937,Watch,"Audit repeat jobs, callbacks, and post-service quality checks.",4,1,2021-12-15 23:28:37
Provider_0915,Plumbing & Water,28,0.42857142857142855,0.3972914249109767,0.4270106218841632,,0.07142857142857142,Professionalism / Trust,63.4251968503937,Watch,Review conduct complaints and reinforce customer-service standards.,2,1,2021-09-17 21:07:15
Provider_0434,Plumbing & Water,58,0.39655172413793105,0.4105643509102087,0.4706704448016776,-0.4300876046215128,0.05172413793103448,Safety / Property Damage,63.188976377952756,Watch,Escalate for human review and investigate the reported safety/property-damage signal.,11,5,2022-01-11 01:02:45
Provider_0859,Construction & Remodeling,41,0.3902439024390244,0.5234611473805986,0.5839279024311059,0.22135973492445526,0.0,Communication,62.20472440944882,Watch,"Strengthen callback ownership, status updates, and escalation procedures.",8,4,2021-09-14 03:19:49
Provider_0998,Construction & Remodeling,28,0.6071428571428571,0.5081861915843731,0.6285374719025765,,0.0,Professionalism / Trust,61.69291338582676,Watch,Review conduct complaints and reinforce customer-service standards.,7,1,2021-12-03 14:12:17
Provider_0377,Cleaning & Restoration,36,0.3055555555555556,0.3411251158816379,0.5615182975573514,-0.025810112817300834,0.05555555555555555,Pricing / Billing,61.65354330708661,Watch,"Review estimate accuracy, change-order approvals, and fee disclosure.",5,5,2021-11-04 22:43:57
Provider_0157,Repair & Installation,52,0.4230769230769231,0.4534873131079605,0.5501382966650599,-0.25112730270942263,0.019230769230769232,Professionalism / Trust,61.37795275590552,Watch,Review conduct complaints and reinforce customer-service standards.,7,6,2021-11-12 18:17:01
Provider_0591,Outdoor & Landscaping,31,0.5483870967741935,0.5375267528439129,0.5375267528439129,,0.0,Professionalism / Trust,61.33858267716534,Watch,Review conduct complaints and reinforce customer-service standards.,0,1,2020-06-28 01:55:01
Provider_0099,Plumbing & Water,51,0.35294117647058826,0.38063278538414386,0.9052698647261698,,0.0,Pricing / Billing,61.06299212598425,Watch,"Review estimate accuracy, change-order approvals, and fee disclosure.",4,2,2021-09-27 02:00:50
Provider_0803,Plumbing & Water,29,0.4482758620689655,0.5006943857054835,0.6298844177091952,0.002000489913454917,0.0,Timeliness,61.02362204724409,Watch,Investigate cycle-time bottlenecks and customer delay notifications.,3,3,2022-01-15 19:21:48
Provider_0192,Repair & Installation,29,0.41379310344827586,0.458562741193974,0.365747896851214,0.024470002668193214,0.034482758620689655,Professionalism / Trust,60.629921259842526,Watch,Review conduct complaints and reinforce customer-service standards.,5,7,2021-11-09 23:25:17
Provider_0748,Repair & Installation,29,0.41379310344827586,0.42010397021722556,0.7755761684768434,0.28746341255688956,0.0,Pricing / Billing,60.590551181102356,Watch,"Review estimate accuracy, change-order approvals, and fee disclosure.",5,4,2022-01-06 01:36:14
Provider_0013,Plumbing & Water,24,0.5833333333333334,0.5584291612042357,0.44790385585701487,,0.0,Pricing / Billing,60.43307086614173,Watch,"Review estimate accuracy, change-order approvals, and fee disclosure.",2,4,2021-09-09 00:19:15
Provider_0001,Plumbing & Water,45,0.28888888888888886,0.3684870475572245,0.4256339190573039,0.05563692475229076,0.06666666666666667,Timeliness,60.43307086614173,Watch,Investigate cycle-time bottlenecks and customer delay notifications.,14,14,2022-01-18 16:14:30
Provider_0922,Outdoor & Landscaping,21,0.5714285714285714,0.5295766806547592,0.4845067291285271,,0.0,Pricing / Billing,60.07874015748031,Watch,"Review estimate accuracy, change-order approvals, and fee disclosure.",2,3,2021-10-19 20:59:36
Provider_0978,Plumbing & Water,52,0.5576923076923077,0.5787320085328904,0.014648400342620476,,0.07692307692307693,Reliability / No-show,59.881889763779526,Watch,"Review scheduling, dispatch, and appointment-confirmation controls.",1,0,2021-05-11 18:28:07
Provider_0720,Outdoor & Landscaping,75,0.37333333333333335,0.46865237020833805,0.6332589216271715,0.5274927307602183,0.0,Professionalism / Trust,59.488188976377955,Watch,Review conduct complaints and reinforce customer-service standards.,9,3,2022-01-12 21:58:38
Provider_0771,HVAC & Air Quality,23,0.21739130434782608,0.2784110684045875,0.727127175951569,,0.043478260869565216,Workmanship,58.97637795275591,Watch,"Audit repeat jobs, callbacks, and post-service quality checks.",5,1,2021-08-23 21:03:40
Provider_0141,Repair & Installation,22,0.45454545454545453,0.47908713443068046,0.5835220183214783,,0.0,Professionalism / Trust,58.93700787401575,Watch,Review conduct complaints and reinforce customer-service standards.,10,0,2022-01-05 18:28:48
Provider_0750,Plumbing & Water,79,0.3037974683544304,0.36005162326770895,0.3474605567353815,0.18986871700059982,0.0759493670886076,Workmanship,58.89763779527559,Watch,"Audit repeat jobs, callbacks, and post-service quality checks.",7,6,2021-12-18 00:07:42
Provider_0338,"Electrical, Solar & Security",32,0.71875,0.7708164733033521,0.16228205133388543,,0.0,Professionalism / Trust,58.818897637795274,Watch,Review conduct complaints and reinforce customer-service standards.,1,1,2021-09-29 19:02:38
Provider_0488,"Electrical, Solar & Security",26,0.46153846153846156,0.5142739620284087,0.4603138483343002,,0.0,Professionalism / Trust,58.503937007874015,Watch,Review conduct complaints and reinforce customer-service standards.,2,2,2021-08-27 21:47:40
Provider_0007,"Electrical, Solar & Security",21,0.42857142857142855,0.49271937322041887,0.5508460810643131,,0.0,Professionalism / Trust,58.346456692913385,Watch,Review conduct complaints and reinforce customer-service standards.,4,1,2021-12-01 20:03:39
Provider_0686,Repair & Installation,64,0.171875,0.3375843531424483,0.3447857674049858,0.25804376189363587,0.09375,Workmanship,58.30708661417323,Watch,"Audit repeat jobs, callbacks, and post-service quality checks.",16,10,2021-12-24 17:47:51
Provider_0925,Cleaning & Restoration,138,0.30434782608695654,0.34031514033449123,0.558208741950813,0.11579648185908209,0.036231884057971016,Safety / Property Damage,57.55905511811024,Watch,Escalate for human review and investigate the reported safety/property-damage signal.,20,11,2022-01-11 19:02:23
Provider_0732,HVAC & Air Quality,32,0.375,0.43348368678773985,0.29766772137710534,-0.14745382767634152,0.03125,Professionalism / Trust,57.24409448818898,Watch,Review conduct complaints and reinforce customer-service standards.,5,4,2021-09-29 23:45:32
Provider_0361,Construction & Remodeling,29,0.3793103448275862,0.3713861418512749,0.4438316706804631,-0.05003138263892232,0.034482758620689655,Professionalism / Trust,57.12598425196851,Watch,Review conduct complaints and reinforce customer-service standards.,4,4,2021-07-14 15:22:19
Provider_0824,HVAC & Air Quality,39,0.2564102564102564,0.3057309706259047,0.403539763829876,0.14583353843905666,0.07692307692307693,Warranty / Follow-up,56.653543307086615,Watch,"Audit warranty response times, repeat repairs, and closure tracking.",5,9,2022-01-15 16:23:03
Provider_0397,Plumbing & Water,76,0.3157894736842105,0.3943975707200841,0.32623148265044555,-0.10815059080791228,0.039473684210526314,Reliability / No-show,56.61417322834645,Watch,"Review scheduling, dispatch, and appointment-confirmation controls.",4,4,2021-12-17 23:34:15
Provider_0657,Construction & Remodeling,24,0.4583333333333333,0.43294059258503204,0.5897436736746426,,0.0,Timeliness,56.535433070866134,Watch,Investigate cycle-time bottlenecks and customer delay notifications.,3,0,2021-11-20 06:13:01
Provider_0204,Outdoor & Landscaping,51,0.3137254901960784,0.36908363810772793,0.7141257617381477,0.4617956796332974,0.0,Timeliness,55.590551181102356,Watch,Investigate cycle-time bottlenecks and customer delay notifications.,3,4,2021-10-01 23:22:53
Provider_0116,Outdoor & Landscaping,21,0.42857142857142855,0.4583783971468757,0.47111697369226013,,0.0,Professionalism / Trust,54.33070866141732,Watch,Review conduct complaints and reinforce customer-service standards.,2,2,2021-10-30 04:00:56
Provider_0744,Construction & Remodeling,42,0.23809523809523808,0.3151271428226061,0.28083609784797464,0.249964530454717,0.07142857142857142,Warranty / Follow-up,54.29133858267716,Watch,"Audit warranty response times, repeat repairs, and closure tracking.",4,3,2021-11-19 15:18:46
Provider_0658,HVAC & Air Quality,49,0.24489795918367346,0.3444881442387439,0.23979636491365708,0.1519764496500266,0.061224489795918366,Professionalism / Trust,53.818897637795274,Watch,Review conduct complaints and reinforce customer-service standards.,11,6,2021-12-20 20:47:22
Provider_0316,Moving & Hauling,41,0.36585365853658536,0.376812368668201,0.5958533673572431,,0.0,Timeliness,53.4251968503937,Watch,Investigate cycle-time bottlenecks and customer delay notifications.,4,0,2021-08-18 17:41:07
Provider_1016,Cleaning & Restoration,26,0.38461538461538464,0.3618979199141266,0.63679748317253,,0.0,Professionalism / Trust,52.91338582677165,Watch,Review conduct complaints and reinforce customer-service standards.,6,1,2021-11-04 00:30:10
Provider_0182,Moving & Hauling,36,0.4444444444444444,0.48945353282913767,0.3119602662204183,,0.0,Timeliness,52.71653543307087,Watch,Investigate cycle-time bottlenecks and customer delay notifications.,5,2,2021-09-12 21:51:07
Provider_0839,Construction & Remodeling,30,0.4,0.41698928752437114,0.5073084939112482,0.15548079536362114,0.0,Pricing / Billing,52.55905511811023,Watch,"Review estimate accuracy, change-order approvals, and fee disclosure.",11,8,2022-01-15 18:02:36
Provider_0104,Cleaning & Restoration,48,0.3541666666666667,0.3683766326205067,0.5963146847434487,0.26561046392445814,0.0,Professionalism / Trust,52.362204724409445,Watch,Review conduct complaints and reinforce customer-service standards.,3,6,2022-01-10 17:59:12
Provider_0897,Construction & Remodeling,26,0.38461538461538464,0.4687871626154756,0.3339821676298601,,0.0,Timeliness,52.362204724409445,Watch,Investigate cycle-time bottlenecks and customer delay notifications.,7,2,2021-12-04 19:56:21
Provider_0197,Outdoor & Landscaping,30,0.3,0.33109990027063374,0.6980665530559977,0.49718421915305233,0.0,Reliability / No-show,52.16535433070866,Watch,"Review scheduling, dispatch, and appointment-confirmation controls.",4,6,2021-12-19 18:38:41
Provider_0463,Moving & Hauling,52,0.2692307692307692,0.2714142074946603,0.5273026916139838,0.14956558066247494,0.038461538461538464,Reliability / No-show,51.61417322834646,Watch,"Review scheduling, dispatch, and appointment-confirmation controls.",5,4,2021-12-16 18:32:26
Provider_0329,HVAC & Air Quality,24,0.2916666666666667,0.30779307925291993,0.33389337071843056,,0.041666666666666664,Professionalism / Trust,50.98425196850393,Watch,Review conduct complaints and reinforce customer-service standards.,3,1,2021-10-27 02:23:08
Provider_0272,Repair & Installation,42,0.2857142857142857,0.34089495701624317,0.34089495701624317,,0.023809523809523808,Workmanship,50.82677165354331,Watch,"Audit repeat jobs, callbacks, and post-service quality checks.",0,2,2020-03-24 21:22:16
Provider_0336,Outdoor & Landscaping,73,0.3013698630136986,0.36090532307441847,0.3419834433192429,0.11067560233538679,0.0136986301369863,Timeliness,50.66929133858268,Watch,Investigate cycle-time bottlenecks and customer delay notifications.,4,5,2021-12-31 00:55:25
Provider_1048,Plumbing & Water,27,0.14814814814814814,0.28634724175272064,0.41483911568679,0.05226727278626869,0.037037037037037035,Reliability / No-show,50.59055118110236,Watch,"Review scheduling, dispatch, and appointment-confirmation controls.",5,10,2021-07-25 05:02:13
Provider_0140,"Electrical, Solar & Security",31,0.2903225806451613,0.31150829527545437,0.647143690619438,,0.0,No dictionary match,50.0,Stable,Perform manual review and expand the domain phrase dictionary.,4,2,2021-10-19 21:55:14
Provider_0051,Moving & Hauling,29,0.27586206896551724,0.28810802569658717,0.7065259555299516,,0.0,Timeliness,49.960629921259844,Stable,Investigate cycle-time bottlenecks and customer delay notifications.,3,2,2021-04-24 00:44:03
Provider_0851,Outdoor & Landscaping,36,0.3333333333333333,0.3957279617504693,0.3957279617504693,,0.0,Professionalism / Trust,49.52755905511811,Stable,Review conduct complaints and reinforce customer-service standards.,0,4,2020-06-28 03:40:40
Provider_0213,Outdoor & Landscaping,27,0.18518518518518517,0.25749956772535576,0.7998451853506772,,0.0,Professionalism / Trust,49.25196850393701,Stable,Review conduct complaints and reinforce customer-service standards.,2,3,2021-08-27 01:36:31
Provider_0105,Plumbing & Water,33,0.3333333333333333,0.3695488045059761,0.46241714324852035,0.14412503858560277,0.0,Reliability / No-show,49.173228346456696,Stable,"Review scheduling, dispatch, and appointment-confirmation controls.",16,15,2021-11-24 01:56:52
Provider_0209,HVAC & Air Quality,33,0.30303030303030304,0.3228876130340393,0.28297081609572355,0.12990534490027753,0.030303030303030304,Professionalism / Trust,49.055118110236215,Stable,Review conduct complaints and reinforce customer-service standards.,5,7,2021-09-15 04:06:59
Provider_0042,Plumbing & Water,34,0.23529411764705882,0.2546527386501679,0.5270221777947117,0.34144576235662,0.029411764705882353,Workmanship,48.62204724409449,Stable,"Audit repeat jobs, callbacks, and post-service quality checks.",5,5,2022-01-12 00:06:42
Provider_0410,Construction & Remodeling,26,0.38461538461538464,0.424591748321029,0.045713257331740156,,0.038461538461538464,Workmanship,48.110236220472444,Stable,"Audit repeat jobs, callbacks, and post-service quality checks.",2,2,2021-03-16 17:25:41
Provider_0148,Moving & Hauling,38,0.2631578947368421,0.3128987535007947,0.5776709135059334,0.2626534474071819,0.0,Professionalism / Trust,48.07086614173228,Stable,Review conduct complaints and reinforce customer-service standards.,6,11,2021-12-06 18:58:54
Provider_0756,Outdoor & Landscaping,39,0.4358974358974359,0.4372998045727941,0.05425110254877182,-0.41476301038828517,0.02564102564102564,Reliability / No-show,47.874015748031496,Stable,"Review scheduling, dispatch, and appointment-confirmation controls.",9,11,2021-12-24 21:11:07
Provider_0874,Outdoor & Landscaping,43,0.23255813953488372,0.28670839462950215,0.3848154707980123,0.17648004780318743,0.023255813953488372,Communication,47.83464566929134,Stable,"Strengthen callback ownership, status updates, and escalation procedures.",9,10,2021-12-01 02:04:28
Provider_0074,Construction & Remodeling,28,0.21428571428571427,0.2285634726448323,0.8083641678907202,,0.0,Communication,47.44094488188976,Stable,"Strengthen callback ownership, status updates, and escalation procedures.",1,3,2021-04-09 21:03:05
Provider_0171,Outdoor & Landscaping,40,0.25,0.2969754045387387,0.2969754045387387,,0.025,Professionalism / Trust,46.77165354330708,Stable,Review conduct complaints and reinforce customer-service standards.,0,4,2020-07-21 20:52:12
Provider_0270,Outdoor & Landscaping,23,0.21739130434782608,0.2792058472371257,0.25161661761754023,-0.03874146959933217,0.043478260869565216,Timeliness,46.732283464566926,Stable,Investigate cycle-time bottlenecks and customer delay notifications.,5,8,2021-11-24 21:18:36
Provider_0501,HVAC & Air Quality,74,0.21621621621621623,0.3283600223862225,0.06739237718436954,,0.06756756756756757,Warranty / Follow-up,46.732283464566926,Stable,"Audit warranty response times, repeat repairs, and closure tracking.",2,7,2021-11-15 23:52:36
Provider_0162,Construction & Remodeling,133,0.24060150375939848,0.28241135964539643,0.35385047121936364,0.004085866217235223,0.015037593984962405,Pricing / Billing,46.062992125984245,Stable,"Review estimate accuracy, change-order approvals, and fee disclosure.",21,20,2022-01-13 20:42:21
Provider_0255,Outdoor & Landscaping,83,0.20481927710843373,0.2553485708309314,0.3890059928110791,0.03569824243300607,0.024096385542168676,Reliability / No-show,45.275590551181104,Stable,"Review scheduling, dispatch, and appointment-confirmation controls.",7,12,2021-11-26 21:33:15
Provider_0183,Construction & Remodeling,41,0.21951219512195122,0.2621456302910571,0.6147986778853718,0.4181125253516452,0.0,Communication,44.60629921259843,Stable,"Strengthen callback ownership, status updates, and escalation procedures.",4,6,2021-11-02 11:51:07
Provider_0682,Construction & Remodeling,23,0.30434782608695654,0.3110066411228804,0.43992850518256815,0.3294669859303132,0.0,Professionalism / Trust,44.251968503937015,Stable,Review conduct complaints and reinforce customer-service standards.,14,9,2021-11-20 05:33:31
Provider_0126,Construction & Remodeling,24,0.125,0.34123441474737887,0.31878574716490926,-0.14717798612040706,0.0,No dictionary match,43.976377952755904,Stable,Perform manual review and expand the domain phrase dictionary.,4,3,2021-11-15 05:07:44
Provider_0506,Repair & Installation,49,0.14285714285714285,0.19424600144724666,0.41828060064887285,0.18781397448907058,0.04081632653061224,Safety / Property Damage,43.93700787401575,Stable,Escalate for human review and investigate the reported safety/property-damage signal.,6,9,2021-12-17 01:33:38
Provider_0541,Plumbing & Water,21,0.19047619047619047,0.23670222281175116,0.24388464383180988,,0.047619047619047616,Professionalism / Trust,43.7007874015748,Stable,Review conduct complaints and reinforce customer-service standards.,4,2,2021-12-13 18:10:00
Provider_0345,Outdoor & Landscaping,27,0.25925925925925924,0.2715549572629874,0.551585592582007,0.509544177406448,0.0,No dictionary match,43.7007874015748,Stable,Perform manual review and expand the domain phrase dictionary.,3,3,2021-05-14 04:26:33
Provider_0956,Outdoor & Landscaping,31,0.25806451612903225,0.34027540462204536,0.3245147999816904,0.026319430699059065,0.0,Communication,43.30708661417323,Stable,"Strengthen callback ownership, status updates, and escalation procedures.",9,7,2021-12-13 20:06:52
Provider_0431,"Electrical, Solar & Security",23,0.30434782608695654,0.33139160608779816,0.33139160608779816,,0.0,No dictionary match,43.267716535433074,Stable,Perform manual review and expand the domain phrase dictionary.,0,2,2020-03-04 23:19:47
Provider_0567,Cleaning & Restoration,22,0.18181818181818182,0.24322418675444288,0.2312612762282698,0.17675537067719968,0.045454545454545456,Workmanship,43.188976377952756,Stable,"Audit repeat jobs, callbacks, and post-service quality checks.",5,3,2021-10-18 21:47:47
Provider_0933,"Electrical, Solar & Security",58,0.20689655172413793,0.27259242584924964,0.2084390082825862,0.04592154751751637,0.034482758620689655,Warranty / Follow-up,42.91338582677165,Stable,"Audit warranty response times, repeat repairs, and closure tracking.",9,11,2022-01-06 19:32:03
Provider_0986,Construction & Remodeling,71,0.3380281690140845,0.3666999717397957,0.23223022141100547,-0.1517227766198418,0.0,Pricing / Billing,42.125984251968504,Stable,"Review estimate accuracy, change-order approvals, and fee disclosure.",6,8,2021-10-25 15:18:28
Provider_0048,Outdoor & Landscaping,20,0.15,0.1755709607885201,0.27298556274085334,0.21053896741121866,0.05,Workmanship,41.77165354330709,Stable,"Audit repeat jobs, callbacks, and post-service quality checks.",11,7,2021-12-08 19:40:57
Provider_0399,Repair & Installation,32,0.21875,0.2663357193908701,0.016346992784654873,,0.125,Workmanship,40.59055118110236,Stable,"Audit repeat jobs, callbacks, and post-service quality checks.",2,1,2021-12-17 18:35:54
Provider_0747,Construction & Remodeling,20,0.15,0.2023882826691953,0.2023882826691953,,0.05,Professionalism / Trust,40.118110236220474,Stable,Review conduct complaints and reinforce customer-service standards.,0,1,2020-07-14 22:25:02
Provider_0647,Property Management & Inspection,20,0.25,0.2918822676178224,0.2918822676178224,,0.0,No dictionary match,39.64566929133858,Stable,Perform manual review and expand the domain phrase dictionary.,0,0,2019-07-03 23:02:17
Provider_0052,HVAC & Air Quality,40,0.225,0.23332659533150085,0.4987388090343273,,0.0,Pricing / Billing,39.52755905511811,Stable,"Review estimate accuracy, change-order approvals, and fee disclosure.",2,7,2021-12-19 01:48:44
Provider_0196,"Electrical, Solar & Security",34,0.3235294117647059,0.39021152115655955,0.08505083861869216,-0.2612248861876633,0.0,Professionalism / Trust,39.37007874015748,Stable,Review conduct complaints and reinforce customer-service standards.,3,4,2021-11-07 15:04:23
Provider_0687,Plumbing & Water,47,0.10638297872340426,0.16580284813879514,0.25593938204186883,0.16331080159802153,0.0425531914893617,Workmanship,38.11023622047244,Stable,"Audit repeat jobs, callbacks, and post-service quality checks.",23,19,2021-12-08 19:45:51
Provider_0992,Outdoor & Landscaping,31,0.3548387096774194,0.41805524402482497,0.030973186050464657,,0.0,Professionalism / Trust,37.637795275590555,Stable,Review conduct complaints and reinforce customer-service standards.,1,7,2021-05-10 03:00:55
Provider_0499,"Electrical, Solar & Security",29,0.2413793103448276,0.27899551898628044,0.26662015833126773,,0.0,Professionalism / Trust,37.519685039370074,Stable,Review conduct complaints and reinforce customer-service standards.,2,4,2021-03-30 04:17:10
Provider_0341,HVAC & Air Quality,123,0.08943089430894309,0.17160108053837916,0.1259252086303899,0.04166549948483808,0.04878048780487805,Workmanship,36.18110236220473,Stable,"Audit repeat jobs, callbacks, and post-service quality checks.",9,6,2021-10-25 19:23:32
Provider_0062,"Electrical, Solar & Security",20,0.1,0.14851512326007837,0.590655770650323,,0.0,No dictionary match,36.181102362204726,Stable,Perform manual review and expand the domain phrase dictionary.,2,3,2021-08-04 04:59:11
Provider_0486,Construction & Remodeling,21,0.14285714285714285,0.2660127895669636,0.2660127895669636,,0.0,Timeliness,35.90551181102362,Stable,Investigate cycle-time bottlenecks and customer delay notifications.,0,3,2020-09-28 22:52:30
Provider_0333,Construction & Remodeling,27,0.25925925925925924,0.27575665196124327,0.22977348597816438,-0.23480590046049915,0.0,Reliability / No-show,35.59055118110236,Stable,"Review scheduling, dispatch, and appointment-confirmation controls.",3,7,2021-12-29 02:31:15
Provider_0861,Outdoor & Landscaping,27,0.2962962962962963,0.295887270067937,0.15114687912636485,,0.0,Professionalism / Trust,35.23622047244094,Stable,Review conduct complaints and reinforce customer-service standards.,9,2,2021-12-11 00:49:00
Provider_0973,Plumbing & Water,20,0.15,0.2502809188915673,0.26606741580405024,,0.0,Professionalism / Trust,34.84251968503937,Stable,Review conduct complaints and reinforce customer-service standards.,4,1,2021-08-24 00:52:54
Provider_0802,Plumbing & Water,61,0.01639344262295082,0.15018309453487733,0.13154816063799774,0.02412475963410049,0.04918032786885246,Workmanship,34.76377952755906,Stable,"Audit repeat jobs, callbacks, and post-service quality checks.",13,8,2021-10-13 21:01:55
Provider_0618,Moving & Hauling,22,0.22727272727272727,0.2498866723822398,0.2498866723822398,,0.0,Professionalism / Trust,33.93700787401575,Stable,Review conduct complaints and reinforce customer-service standards.,0,3,2020-12-31 17:52:56
Provider_0518,Construction & Remodeling,38,0.15789473684210525,0.21989707088925028,0.0078124977896382045,,0.05263157894736842,Workmanship,33.740157480314956,Stable,"Audit repeat jobs, callbacks, and post-service quality checks.",1,3,2021-05-10 04:38:12
Provider_0145,HVAC & Air Quality,137,0.021897810218978103,0.13301680356044032,0.22788283693697617,0.0957468827345744,0.043795620437956206,Workmanship,33.62204724409449,Stable,"Audit repeat jobs, callbacks, and post-service quality checks.",26,51,2021-11-30 18:16:14
Provider_0481,Cleaning & Restoration,31,0.06451612903225806,0.2656230606329843,0.18676895288026088,,0.0,No dictionary match,33.346456692913385,Stable,Perform manual review and expand the domain phrase dictionary.,3,1,2021-08-08 23:11:56
Provider_0021,Construction & Remodeling,37,0.10810810810810811,0.24190457081170988,0.24218050388545515,-0.4226848544832113,0.0,Timeliness,33.30708661417322,Stable,Investigate cycle-time bottlenecks and customer delay notifications.,5,3,2021-07-12 00:15:41
Provider_0726,Construction & Remodeling,22,0.09090909090909091,0.20392096790534928,0.30719631415411125,0.05081674789270946,0.0,No dictionary match,33.11023622047244,Stable,Perform manual review and expand the domain phrase dictionary.,3,5,2022-01-09 16:12:01
Provider_0693,"Electrical, Solar & Security",36,0.2222222222222222,0.21561981631687827,0.26806276660539063,0.07253329888476168,0.0,Reliability / No-show,33.031496062992126,Stable,"Review scheduling, dispatch, and appointment-confirmation controls.",7,5,2021-12-07 16:32:15
Provider_0134,Cleaning & Restoration,22,0.09090909090909091,0.13908627333624474,0.1425636878327225,,0.045454545454545456,Workmanship,32.59842519685039,Stable,"Audit repeat jobs, callbacks, and post-service quality checks.",2,5,2021-08-11 15:14:20
Provider_0263,HVAC & Air Quality,26,0.07692307692307693,0.16484961257135478,0.385509310396934,0.14771648142322472,0.0,No dictionary match,32.36220472440945,Stable,Perform manual review and expand the domain phrase dictionary.,5,3,2021-12-15 15:17:25
Provider_1049,"Electrical, Solar & Security",51,0.0392156862745098,0.13289716367762625,0.11528102348703641,0.04913640294343921,0.058823529411764705,Workmanship,32.28346456692913,Stable,"Audit repeat jobs, callbacks, and post-service quality checks.",4,5,2021-06-02 00:38:44
Provider_0786,Plumbing & Water,25,0.08,0.13791923732565273,0.04633723106276916,,0.08,Workmanship,32.04724409448819,Stable,"Audit repeat jobs, callbacks, and post-service quality checks.",2,5,2021-12-02 15:39:38
Provider_0742,Outdoor & Landscaping,31,0.1935483870967742,0.22956480049255185,0.22956480049255185,,0.0,No dictionary match,31.929133858267715,Stable,Perform manual review and expand the domain phrase dictionary.,0,4,2020-08-03 02:44:12
Provider_0812,Outdoor & Landscaping,48,0.16666666666666666,0.20425986666771304,0.2606842814835971,0.05946163183897743,0.0,Reliability / No-show,31.65354330708661,Stable,"Review scheduling, dispatch, and appointment-confirmation controls.",11,13,2022-01-03 21:20:13
Provider_0474,Plumbing & Water,57,0.08771929824561403,0.12672016264043637,0.27522947384380636,0.2370266615205601,0.017543859649122806,Workmanship,31.10236220472441,Stable,"Audit repeat jobs, callbacks, and post-service quality checks.",3,7,2021-11-10 19:09:06
Provider_0743,HVAC & Air Quality,20,0.1,0.1428489067277628,0.05149686453910973,0.014406077508840799,0.05,Warranty / Follow-up,30.590551181102366,Stable,"Audit warranty response times, repeat repairs, and closure tracking.",3,3,2021-10-15 18:45:08
Provider_0079,Outdoor & Landscaping,24,0.20833333333333334,0.21355333258186904,0.21355333258186904,,0.0,Reliability / No-show,30.393700787401574,Stable,"Review scheduling, dispatch, and appointment-confirmation controls.",0,2,2020-05-16 15:59:46
Provider_0069,Moving & Hauling,27,0.1111111111111111,0.23013667618249808,0.1617631632687331,0.11801212386355525,0.0,No dictionary match,30.35433070866142,Stable,Perform manual review and expand the domain phrase dictionary.,6,6,2021-09-13 16:21:18
Provider_0700,Plumbing & Water,161,0.08695652173913043,0.1342747974058133,0.11152189006133957,-0.04452429510228144,0.043478260869565216,Workmanship,30.196850393700792,Stable,"Audit repeat jobs, callbacks, and post-service quality checks.",24,21,2022-01-19 06:39:02
Provider_0030,Cleaning & Restoration,23,0.08695652173913043,0.15401354981373927,0.042867963729461854,,0.043478260869565216,Workmanship,29.566929133858267,Stable,"Audit repeat jobs, callbacks, and post-service quality checks.",1,1,2021-03-15 20:54:44
Provider_0403,Moving & Hauling,72,0.1111111111111111,0.14978319304894303,0.14978319304894303,,0.013888888888888888,Workmanship,29.527559055118115,Stable,"Audit repeat jobs, callbacks, and post-service quality checks.",0,5,2020-09-25 03:04:25
Provider_0570,Cleaning & Restoration,29,0.06896551724137931,0.13096332363698662,0.14777673840915814,,0.034482758620689655,Workmanship,29.330708661417326,Stable,"Audit repeat jobs, callbacks, and post-service quality checks.",2,8,2021-11-05 14:43:32
Provider_0695,Outdoor & Landscaping,43,0.09302325581395349,0.15686130201788223,0.27150326046056444,-0.09466117555136366,0.0,No dictionary match,29.212598425196852,Stable,Perform manual review and expand the domain phrase dictionary.,6,6,2021-12-19 19:46:27
Provider_0985,Construction & Remodeling,47,0.14893617021276595,0.16996055289287126,0.25076776718195226,0.06215940643176052,0.0,Reliability / No-show,29.133858267716533,Stable,"Review scheduling, dispatch, and appointment-confirmation controls.",5,10,2021-08-27 22:43:41
Provider_0565,Plumbing & Water,80,0.0625,0.11873766862514228,0.18297732234327702,0.12307092962331939,0.025,Workmanship,27.125984251968504,Stable,"Audit repeat jobs, callbacks, and post-service quality checks.",12,10,2021-12-30 19:57:18
Provider_0654,Cleaning & Restoration,20,0.1,0.11244454107601512,0.4274488540390228,,0.0,Pricing / Billing,27.00787401574803,Stable,"Review estimate accuracy, change-order approvals, and fee disclosure.",2,4,2022-01-12 22:25:00
Provider_0473,Outdoor & Landscaping,35,0.14285714285714285,0.18642611222831112,0.14866254222498412,0.08245254375631585,0.0,Professionalism / Trust,26.92913385826772,Stable,Review conduct complaints and reinforce customer-service standards.,9,5,2022-01-06 01:11:33
Provider_0734,Construction & Remodeling,39,0.05128205128205128,0.12026065023722989,0.3619570425058529,0.26498661789650096,0.0,No dictionary match,26.69291338582677,Stable,Perform manual review and expand the domain phrase dictionary.,5,4,2022-01-19 18:11:17
Provider_0552,Plumbing & Water,22,0.09090909090909091,0.16904259348477907,0.16904259348477907,,0.0,Pricing / Billing,26.574803149606296,Stable,"Review estimate accuracy, change-order approvals, and fee disclosure.",0,1,2020-03-17 21:59:05
Provider_0699,Moving & Hauling,34,0.08823529411764706,0.12014490887473415,0.12014490887473415,,0.029411764705882353,Pricing / Billing,26.14173228346457,Stable,"Review estimate accuracy, change-order approvals, and fee disclosure.",0,0,2018-04-28 04:45:30
Provider_0035,Moving & Hauling,22,0.18181818181818182,0.21768878019449692,0.05919006865095303,,0.0,Professionalism / Trust,25.787401574803148,Stable,Review conduct complaints and reinforce customer-service standards.,1,1,2021-10-06 01:26:02
Provider_0535,Moving & Hauling,42,0.14285714285714285,0.14791745263051193,0.18966198713451804,0.16518901071568948,0.0,Reliability / No-show,25.0,Stable,"Review scheduling, dispatch, and appointment-confirmation controls.",8,4,2021-10-16 00:38:29
Provider_0476,Outdoor & Landscaping,30,0.16666666666666666,0.21512358442963236,0.05029905054708505,,0.0,Reliability / No-show,24.921259842519685,Stable,"Review scheduling, dispatch, and appointment-confirmation controls.",7,2,2021-11-19 23:08:10
Provider_0089,HVAC & Air Quality,58,0.05172413793103448,0.1264127602012047,0.09763025232732131,-0.22129283096299457,0.017241379310344827,Workmanship,24.645669291338585,Stable,"Audit repeat jobs, callbacks, and post-service quality checks.",9,6,2022-01-18 22:00:05
Provider_0153,Construction & Remodeling,60,0.05,0.09728112291657867,0.17616052111566596,0.13791525400327537,0.016666666666666666,Workmanship,24.291338582677163,Stable,"Audit repeat jobs, callbacks, and post-service quality checks.",6,7,2021-10-26 22:58:58
Provider_0409,Plumbing & Water,21,0.047619047619047616,0.1413579549589208,0.1661229541245268,-0.06260109090939203,0.0,Reliability / No-show,23.700787401574804,Stable,"Review scheduling, dispatch, and appointment-confirmation controls.",4,4,2021-10-12 02:26:05
Provider_0045,Construction & Remodeling,45,0.044444444444444446,0.1333050321862954,0.20854074126231706,0.13608932369162874,0.0,No dictionary match,23.582677165354333,Stable,Perform manual review and expand the domain phrase dictionary.,6,9,2021-12-06 14:44:56
Provider_0797,Property Management & Inspection,30,0.13333333333333333,0.1835765953765412,0.06478768106090448,,0.0,Communication,23.543307086614174,Stable,"Strengthen callback ownership, status updates, and escalation procedures.",4,1,2021-12-17 21:23:52
Provider_0008,Moving & Hauling,30,0.06666666666666667,0.0902401021541237,0.0902401021541237,,0.03333333333333333,Workmanship,23.30708661417323,Stable,"Audit repeat jobs, callbacks, and post-service quality checks.",0,0,2019-09-02 15:48:40
Provider_0902,Outdoor & Landscaping,41,0.12195121951219512,0.16691827425577777,0.07141092938575294,,0.0,No dictionary match,22.83464566929134,Stable,Perform manual review and expand the domain phrase dictionary.,4,1,2021-07-25 02:43:13
Provider_0085,Construction & Remodeling,59,0.01694915254237288,0.07231750137947004,0.033730134660960004,-0.21764511272546314,0.05084745762711865,Workmanship,22.283464566929133,Stable,"Audit repeat jobs, callbacks, and post-service quality checks.",10,5,2021-12-08 18:29:52
Provider_0385,Cleaning & Restoration,23,0.043478260869565216,0.14936167207274217,0.08797206613550558,,0.0,Reliability / No-show,21.968503937007874,Stable,"Review scheduling, dispatch, and appointment-confirmation controls.",4,2,2021-04-29 15:41:16
Provider_0967,Outdoor & Landscaping,23,0.13043478260869565,0.19625365891557026,0.030495840286603994,,0.0,Reliability / No-show,21.77165354330709,Stable,"Review scheduling, dispatch, and appointment-confirmation controls.",2,2,2021-05-22 15:50:11
Provider_1036,Construction & Remodeling,43,0.11627906976744186,0.1356195169748086,0.12348367925543956,-0.12161846734975464,0.0,No dictionary match,21.496062992125985,Stable,Perform manual review and expand the domain phrase dictionary.,9,5,2021-11-29 18:09:15
Provider_0276,Plumbing & Water,38,0.10526315789473684,0.20277485293752387,0.01766481689372115,,0.0,Reliability / No-show,21.220472440944885,Stable,"Review scheduling, dispatch, and appointment-confirmation controls.",1,2,2021-03-12 18:29:49
Provider_0548,Outdoor & Landscaping,32,0.09375,0.12413210108616635,0.18359353369049708,0.1763956777870778,0.0,Reliability / No-show,21.22047244094488,Stable,"Review scheduling, dispatch, and appointment-confirmation controls.",21,6,2021-12-18 18:22:21
Provider_0322,Construction & Remodeling,27,0.14814814814814814,0.2134584305720279,0.007905874240122315,-0.08403346557503362,0.0,Pricing / Billing,21.22047244094488,Stable,"Review estimate accuracy, change-order approvals, and fee disclosure.",4,3,2022-01-17 16:50:09
Provider_0947,Outdoor & Landscaping,20,0.1,0.15629175784622856,0.04971675566019017,,0.0,Professionalism / Trust,20.866141732283467,Stable,Review conduct complaints and reinforce customer-service standards.,2,3,2021-10-13 11:35:53
Provider_0819,Outdoor & Landscaping,22,0.13636363636363635,0.17891033863462458,0.029060487503707384,,0.0,No dictionary match,20.748031496062993,Stable,Perform manual review and expand the domain phrase dictionary.,1,3,2021-08-01 14:19:34
Provider_0779,Plumbing & Water,28,0.03571428571428571,0.13031812805833234,0.13031812805833234,,0.0,Communication,20.551181102362204,Stable,"Strengthen callback ownership, status updates, and escalation procedures.",0,2,2020-09-16 03:12:59
Provider_0363,Outdoor & Landscaping,27,0.1111111111111111,0.13633078296575885,0.07158402844578637,,0.0,No dictionary match,19.803149606299215,Stable,Perform manual review and expand the domain phrase dictionary.,2,4,2021-07-10 23:53:39
Provider_0293,Property Management & Inspection,22,0.13636363636363635,0.1452346495930611,0.04168624919585744,,0.0,No dictionary match,18.543307086614174,Stable,Perform manual review and expand the domain phrase dictionary.,5,2,2022-01-16 18:42:49
Provider_0155,Construction & Remodeling,35,0.02857142857142857,0.06584528575036101,0.04645604598526872,0.0009564587259935572,0.02857142857142857,Workmanship,18.228346456692915,Stable,"Audit repeat jobs, callbacks, and post-service quality checks.",7,10,2022-01-13 21:43:48
Provider_0118,Moving & Hauling,23,0.08695652173913043,0.1172860208020887,0.11736969517339946,-0.09103228526836438,0.0,Pricing / Billing,17.99212598425197,Stable,"Review estimate accuracy, change-order approvals, and fee disclosure.",3,5,2021-03-13 18:47:16
Provider_0677,Moving & Hauling,124,0.016129032258064516,0.06495510217791504,0.06997224918022173,-0.004601598624469447,0.016129032258064516,Workmanship,17.677165354330707,Stable,"Audit repeat jobs, callbacks, and post-service quality checks.",36,46,2022-01-18 15:03:42
Provider_0640,Plumbing & Water,20,0.0,0.06779845790233127,0.226251585407654,0.150784492385591,0.0,No dictionary match,17.519685039370078,Stable,Perform manual review and expand the domain phrase dictionary.,4,3,2021-07-20 16:25:46
Provider_0809,Plumbing & Water,32,0.0,0.0899031981836374,0.16057796529593288,,0.0,Reliability / No-show,17.440944881889763,Stable,"Review scheduling, dispatch, and appointment-confirmation controls.",1,1,2021-12-09 20:41:21
Provider_0143,Construction & Remodeling,22,0.09090909090909091,0.12564141608143584,0.05818216053730596,,0.0,No dictionary match,16.811023622047244,Stable,Perform manual review and expand the domain phrase dictionary.,3,2,2021-05-28 05:53:07
Provider_0256,Construction & Remodeling,94,0.031914893617021274,0.09953363127659298,0.10041984085821841,-0.011689258660258342,0.0,Reliability / No-show,16.535433070866144,Stable,"Review scheduling, dispatch, and appointment-confirmation controls.",16,16,2021-12-21 21:51:44
Provider_0247,Repair & Installation,73,0.0273972602739726,0.07191897986357182,0.023255914250380486,-0.006205690731552402,0.0273972602739726,Workmanship,16.535433070866144,Stable,"Audit repeat jobs, callbacks, and post-service quality checks.",6,6,2021-12-07 00:22:21
Provider_0592,Outdoor & Landscaping,110,0.08181818181818182,0.11816204319562465,0.06615492260865652,-0.05573819979950992,0.0,Reliability / No-show,16.181102362204726,Stable,"Review scheduling, dispatch, and appointment-confirmation controls.",25,8,2021-12-03 18:15:52
Provider_0894,Cleaning & Restoration,22,0.0,0.08558894388088069,0.11756605399511658,,0.0,No dictionary match,15.94488188976378,Stable,Perform manual review and expand the domain phrase dictionary.,2,11,2021-06-18 23:04:15
Provider_0462,Cleaning & Restoration,37,0.05405405405405406,0.08005527188417871,0.09620441136100906,0.07225333369138771,0.0,No dictionary match,14.724409448818898,Stable,Perform manual review and expand the domain phrase dictionary.,4,4,2021-10-09 18:53:10
Provider_1018,Cleaning & Restoration,67,0.04477611940298507,0.08517418950049077,0.07391633244745485,0.045791482463767366,0.0,No dictionary match,14.212598425196852,Stable,Perform manual review and expand the domain phrase dictionary.,6,6,2022-01-02 00:27:08
Provider_0727,Construction & Remodeling,42,0.07142857142857142,0.10802603013874182,0.04522693157470775,,0.0,Communication,14.173228346456693,Stable,"Strengthen callback ownership, status updates, and escalation procedures.",12,2,2022-01-11 02:26:56
Provider_0620,Construction & Remodeling,22,0.09090909090909091,0.12627027471243737,0.017779250966226543,,0.0,Communication,14.05511811023622,Stable,"Strengthen callback ownership, status updates, and escalation procedures.",5,1,2022-01-18 23:42:26
Provider_0536,Cleaning & Restoration,102,0.00980392156862745,0.07002641725661617,0.08423134633037073,0.04990789213015941,0.0,Pricing / Billing,13.46456692913386,Stable,"Review estimate accuracy, change-order approvals, and fee disclosure.",21,11,2021-12-24 00:10:02
Provider_0114,Cleaning & Restoration,49,0.0,0.04634619991923549,0.11635324059134779,-0.07844965081896672,0.0,Pricing / Billing,13.149606299212598,Stable,"Review estimate accuracy, change-order approvals, and fee disclosure.",7,3,2021-10-24 15:22:44
Provider_0972,Plumbing & Water,38,0.05263157894736842,0.10469237929501082,0.02947787652592559,-0.17034025133978756,0.0,Communication,12.598425196850393,Stable,"Strengthen callback ownership, status updates, and escalation procedures.",7,16,2021-11-05 03:12:26
Provider_1023,Plumbing & Water,21,0.047619047619047616,0.09415598753034042,0.02587725880956151,,0.0,No dictionary match,11.653543307086615,Stable,Perform manual review and expand the domain phrase dictionary.,2,2,2021-08-11 04:52:54
Provider_0136,Repair & Installation,24,0.0,0.044471524693603444,0.0772515007386132,,0.0,Pricing / Billing,11.5748031496063,Stable,"Review estimate accuracy, change-order approvals, and fee disclosure.",2,1,2021-03-24 15:01:46
Provider_0842,Moving & Hauling,27,0.07407407407407407,0.10531611905710593,0.007518670521914868,,0.0,Communication,11.141732283464567,Stable,"Strengthen callback ownership, status updates, and escalation procedures.",2,4,2021-11-29 04:08:17
Provider_0396,Repair & Installation,30,0.0,0.06211689548390394,0.047654727939928844,-0.027458192594291116,0.0,No dictionary match,10.905511811023622,Stable,Perform manual review and expand the domain phrase dictionary.,12,6,2021-12-28 13:37:51
Provider_0689,Construction & Remodeling,29,0.0,0.07880333221038466,0.025648077698530315,,0.0,Timeliness,10.15748031496063,Stable,Investigate cycle-time bottlenecks and customer delay notifications.,2,5,2021-10-15 01:59:06
Provider_0793,Plumbing & Water,20,0.05,0.09372429007409669,0.003766926393520405,,0.0,Reliability / No-show,9.921259842519687,Stable,"Review scheduling, dispatch, and appointment-confirmation controls.",2,3,2021-04-30 19:39:26
Provider_0492,Repair & Installation,29,0.0,0.05794526048097769,0.04131226114060427,0.014309682487889004,0.0,Pricing / Billing,9.566929133858268,Stable,"Review estimate accuracy, change-order approvals, and fee disclosure.",9,8,2022-01-05 04:24:15
Provider_0679,Cleaning & Restoration,23,0.0,0.0409509914688193,0.041773666169144505,,0.0,No dictionary match,9.015748031496063,Stable,Perform manual review and expand the domain phrase dictionary.,1,3,2021-06-20 16:27:39
Provider_0953,Construction & Remodeling,82,0.0,0.03788354386228484,0.03482272955840146,0.013999409224432387,0.0,Pricing / Billing,8.46456692913386,Stable,"Review estimate accuracy, change-order approvals, and fee disclosure.",14,8,2021-12-27 16:25:04
Provider_0966,Repair & Installation,38,0.0,0.032840082029187846,0.03099020051697566,0.01578655465342045,0.0,No dictionary match,7.834645669291339,Stable,Perform manual review and expand the domain phrase dictionary.,21,3,2022-01-14 20:17:10
Provider_0836,Construction & Remodeling,31,0.03225806451612903,0.061108864642394296,0.010137577089174881,,0.0,Timeliness,7.755905511811023,Stable,Investigate cycle-time bottlenecks and customer delay notifications.,2,9,2021-05-15 00:12:02
Provider_0927,Plumbing & Water,29,0.0,0.03702801827048687,0.026723247233588942,0.00264213205312238,0.0,No dictionary match,7.440944881889763,Stable,Perform manual review and expand the domain phrase dictionary.,4,8,2021-10-20 01:37:58
Provider_0201,Cleaning & Restoration,22,0.0,0.045757179309555966,0.005440825949334204,,0.0,No dictionary match,6.692913385826772,Stable,Perform manual review and expand the domain phrase dictionary.,1,2,2022-01-17 23:42:34
Provider_0678,Outdoor & Landscaping,56,0.0,0.03229054373043239,0.012924812963432187,-0.02971286595463292,0.0,Pricing / Billing,6.102362204724409,Stable,"Review estimate accuracy, change-order approvals, and fee disclosure.",14,18,2021-11-18 16:43:35
