service_group,eligible_businesses,median_risk_score,high_concern_providers,median_recent_risk
Property Management & Inspection,23,81.81102362204724,2,0.85086609799797
Plumbing & Water,47,59.881889763779526,1,0.4270106218841632
Repair & Installation,19,58.93700787401575,1,0.41828060064887285
"Electrical, Solar & Security",18,58.425196850393704,1,0.5564497925791436
HVAC & Air Quality,16,50.019685039370074,0,0.31578054604776795
Construction & Remodeling,49,44.60629921259843,0,0.31878574716490926
Outdoor & Landscaping,38,44.488188976377955,0,0.284980483639796
Moving & Hauling,20,41.003937007874015,0,0.28092346930132905
Cleaning & Restoration,24,32.97244094488189,1,0.20901511455426536
