negative_signal_terms,negative_coefficient,positive_signal_terms,positive_coefficient
moneytoken,9.262886234019769,great,-11.441688068817436
rude,8.884504860561306,professional,-9.683987244383532
told,8.78348366432612,thank,-8.326028992946762
said,8.185978912035832,friendly,-7.508804437435138
worst,7.568678045894597,highly,-7.171551453533692
poor,6.829573213433896,best,-7.0818016040357215
unprofessional,6.313612506889447,amazing,-6.834691253571369
don,6.033104880248444,reasonable,-6.638150612134657
beware,5.939665664064973,excellent,-6.636054552612899
horrible,5.833116168787774,helpful,-6.350046311929674
left,5.804799114662814,pleased,-6.31062057768154
terrible,5.646172469713739,quickly,-6.3001878315855055
money,5.440335429562389,knowledgeable,-6.241151908332445
company,5.200247914051361,highly recommend,-6.059364444977968
asked,4.680291443273052,awesome,-5.972096045978896
