provider_code,review_year,reviews,mean_risk_probability
Provider_0001,2017,3,0.14229128471609506
Provider_0001,2018,5,0.603068184265417
Provider_0001,2019,9,0.22231884194747764
Provider_0001,2020,14,0.36999699430501315
Provider_0001,2021,13,0.45825888996602726
Provider_0001,2022,1,0.0015092972439008543
Provider_0007,2008,1,0.010368317870032872
Provider_0007,2012,1,0.9536607467636984
Provider_0007,2014,2,0.29083862833562574
Provider_0007,2015,1,0.9968505398347977
Provider_0007,2016,3,0.32165866373704194
Provider_0007,2017,4,0.6207696768895006
Provider_0007,2018,3,0.41917660146316954
Provider_0007,2019,1,0.8347034587189972
Provider_0007,2020,1,0.060877690354129405
Provider_0007,2021,4,0.5508460810643132
Provider_0008,2014,4,0.029061278976013235
Provider_0008,2015,9,0.2022350808308443
Provider_0008,2016,5,0.07929191391783032
Provider_0008,2017,3,0.03229308366702636
Provider_0008,2018,6,0.019934225868539917
Provider_0008,2019,3,0.0526326818135297
Provider_0013,2011,1,0.06439301826202444
Provider_0013,2013,1,0.9099895826756789
Provider_0013,2014,1,0.880195016189954
Provider_0013,2015,1,0.8444527908978305
Provider_0013,2016,2,0.1056696898250773
Provider_0013,2017,4,0.5405106029333547
Provider_0013,2018,5,0.6693200304657303
Provider_0013,2019,3,0.73050656969561
Provider_0013,2020,4,0.47399002409077146
Provider_0013,2021,2,0.44790385585701487
Provider_0021,2014,4,0.011651867238403849
Provider_0021,2015,3,0.3242779032088438
Provider_0021,2016,7,0.16675039983776643
Provider_0021,2017,7,0.036953900671073146
Provider_0021,2018,6,0.34201760374625056
Provider_0021,2019,2,0.6237468104402303
Provider_0021,2020,3,0.6648653583686664
Provider_0021,2021,5,0.2421805038854552
Provider_0025,2011,2,0.6816373683960082
Provider_0025,2012,1,0.7464048889945388
Provider_0025,2014,6,0.47611485568782935
Provider_0025,2015,5,0.7235528211513526
Provider_0025,2016,4,0.9467981962959049
Provider_0025,2017,3,0.9883211381519295
Provider_0028,2011,1,0.08935765691721038
Provider_0028,2012,1,0.09807606664814189
Provider_0028,2013,1,0.3920674822902073
Provider_0028,2014,2,0.08780365841178962
Provider_0028,2015,3,0.3654049590749606
Provider_0028,2016,11,0.27523674992161673
Provider_0028,2017,3,0.9402304055502849
Provider_0028,2018,1,0.9491931958503173
Provider_0028,2019,2,0.4683551542169422
Provider_0028,2020,3,0.6964524504330364
Provider_0028,2021,3,0.7653214375672147
Provider_0028,2022,1,0.9285057008342376
Provider_0030,2015,1,0.05786413984374178
Provider_0030,2016,4,0.054604529407527136
Provider_0030,2017,6,0.017358978126860124
Provider_0030,2018,5,0.41761549696541556
Provider_0030,2019,5,0.0135134085741343
Provider_0030,2020,1,0.963363028053781
Provider_0030,2021,1,0.042867963729461854
Provider_0032,2015,1,0.06742427916058823
Provider_0032,2016,1,0.18408788023529896
Provider_0032,2017,5,0.7283062886212468
Provider_0032,2018,6,0.836179421731669
Provider_0032,2019,3,0.5024339028837329
Provider_0032,2020,2,0.9449822840506727
Provider_0032,2021,2,0.9489503726189982
Provider_0035,2012,1,0.07572944155971419
Provider_0035,2013,1,0.20102634966150168
Provider_0035,2014,3,0.004535204958005182
Provider_0035,2015,6,0.32782866782372627
Provider_0035,2016,3,0.041777535090032236
Provider_0035,2017,2,0.17749393690013243
Provider_0035,2018,2,0.49955373851746393
Provider_0035,2019,2,0.4919218914890067
Provider_0035,2020,1,0.00935794350708725
Provider_0035,2021,1,0.05919006865095303
Provider_0042,2010,1,0.12342898708337838
Provider_0042,2011,1,0.02398314821679806
Provider_0042,2012,1,0.0599513121268689
Provider_0042,2013,1,0.21094702452594535
Provider_0042,2014,4,0.2753398615035182
Provider_0042,2015,2,0.30580420863765906
Provider_0042,2016,1,0.006381614765592238
Provider_0042,2017,7,0.21214863614405946
Provider_0042,2018,4,0.3013148770325858
Provider_0042,2019,2,0.13362011839747892
Provider_0042,2020,5,0.18557641543809172
Provider_0042,2021,3,0.31331504695939216
Provider_0042,2022,2,0.847582874047691
Provider_0045,2012,1,0.3286935852212877
Provider_0045,2013,3,0.05746386213171308
Provider_0045,2014,4,0.030514425628704118
Provider_0045,2015,1,0.017494146745185162
Provider_0045,2016,5,0.29322106354587946
Provider_0045,2017,6,0.06435713288788529
Provider_0045,2018,4,0.08900302537283794
Provider_0045,2019,6,0.2077536675414511
Provider_0045,2020,9,0.07245141757068832
Provider_0045,2021,6,0.20854074126231703
Provider_0048,2019,2,0.03572592915678634
Provider_0048,2020,7,0.06244659532963467
Provider_0048,2021,11,0.2729855627408533
Provider_0051,2007,1,0.0209098660601458
Provider_0051,2010,2,0.0381076901151146
Provider_0051,2011,1,0.0061129229493065585
Provider_0051,2012,4,0.07690923080431895
Provider_0051,2014,2,0.07280991560256705
Provider_0051,2015,4,0.08410973276977916
Provider_0051,2016,4,0.7158771255902052
Provider_0051,2017,2,0.013054511984706911
Provider_0051,2018,2,0.37747832472850706
Provider_0051,2019,2,0.4713713018518743
Provider_0051,2020,2,0.37765212218948363
Provider_0051,2021,3,0.7065259555299516
Provider_0052,2013,1,0.9299926025044782
Provider_0052,2014,3,0.3067110960654456
Provider_0052,2015,4,0.11147287336679215
Provider_0052,2016,5,0.2934722475190619
Provider_0052,2017,5,0.19568776085379072
Provider_0052,2018,10,0.16320749591733305
Provider_0052,2019,3,0.3244622011727864
Provider_0052,2020,7,0.14118674378106333
Provider_0052,2021,2,0.4987388090343273
Provider_0062,2014,2,0.13173450314534563
Provider_0062,2015,4,0.25917737988824163
Provider_0062,2017,1,0.016297334166391963
Provider_0062,2018,5,0.022917982989922647
Provider_0062,2019,3,0.057797777252616776
Provider_0062,2020,3,0.061510605727802585
Provider_0062,2021,2,0.590655770650323
Provider_0069,2011,1,0.15168097178212125
Provider_0069,2013,1,0.309042216398713
Provider_0069,2015,3,0.5914897646997707
Provider_0069,2016,3,0.0509921112173898
Provider_0069,2017,2,0.12367279594853756
Provider_0069,2018,1,0.08195340604246967
Provider_0069,2019,4,0.5657843067530307
Provider_0069,2020,6,0.04375103940517785
Provider_0069,2021,6,0.1617631632687331
Provider_0074,2012,3,0.01969948923572787
Provider_0074,2013,3,0.05301006319394457
Provider_0074,2014,5,0.06298316048475236
Provider_0074,2015,5,0.6892202094409594
Provider_0074,2016,4,0.040003657790666586
Provider_0074,2017,2,0.5183586447649129
Provider_0074,2018,1,0.0132175537707375
Provider_0074,2019,1,0.11862438179110593
Provider_0074,2020,3,0.09456456766422398
Provider_0074,2021,1,0.8083641678907202
Provider_0079,2015,1,0.06812061775630891
Provider_0079,2016,8,0.1468095982815348
Provider_0079,2017,9,0.2270952160746939
Provider_0079,2018,2,0.42363309749765643
Provider_0079,2019,2,0.03375430486411084
Provider_0079,2020,2,0.46202541428024463
Provider_0085,2015,1,0.0011208038978413751
Provider_0085,2016,8,0.03960543309015693
Provider_0085,2017,10,0.0399053621934298
Provider_0085,2018,11,0.09263690744997577
Provider_0085,2019,14,0.06689508038170643
Provider_0085,2020,5,0.25137524738642314
Provider_0085,2021,10,0.033730134660960004
Provider_0089,2013,4,0.034899213321566105
Provider_0089,2014,1,0.015399735257050734
Provider_0089,2015,4,0.06935392024151396
Provider_0089,2016,7,0.08311960554673412
Provider_0089,2017,5,0.10182696535026117
Provider_0089,2018,7,0.16857433174308376
Provider_0089,2019,15,0.12242164424617889
Provider_0089,2020,6,0.3189230832903159
Provider_0089,2021,6,0.11395300314920376
Provider_0089,2022,3,0.06498475068355641
Provider_0099,2011,2,0.04871125123256215
Provider_0099,2012,2,0.07991765203217766
Provider_0099,2013,6,0.4449784573880831
Provider_0099,2014,3,0.24754113633059738
Provider_0099,2015,2,0.485364982471102
Provider_0099,2016,2,0.46675592504120356
Provider_0099,2017,11,0.3090209276897041
Provider_0099,2018,8,0.346102832748184
Provider_0099,2019,9,0.33269020041646535
Provider_0099,2020,2,0.5274670752459375
Provider_0099,2021,4,0.9052698647261698
Provider_0101,2016,3,0.6554163303384014
Provider_0101,2017,1,0.1831431739147337
Provider_0101,2018,3,0.8001392778400795
Provider_0101,2019,4,0.5071430544445354
Provider_0101,2020,6,0.538534073049138
Provider_0101,2021,4,0.6800559801666581
Provider_0104,2015,2,0.04987859836484068
Provider_0104,2016,14,0.29108708082922913
Provider_0104,2017,13,0.3113345114315926
Provider_0104,2018,6,0.48564033404649315
Provider_0104,2019,4,0.6931855013528706
Provider_0104,2020,6,0.3307042208189906
Provider_0104,2021,2,0.45615809415006914
Provider_0104,2022,1,0.876627865930208
Provider_0105,2019,2,0.01102734338856182
Provider_0105,2020,15,0.3182921046629175
Provider_0105,2021,16,0.46241714324852035
Provider_0114,2014,3,0.025801015200030752
Provider_0114,2015,2,0.032583720877100035
Provider_0114,2016,7,0.02167667918956139
Provider_0114,2017,14,0.021415578040417074
Provider_0114,2018,4,0.005426112451472671
Provider_0114,2019,9,0.028472517068801037
Provider_0114,2020,3,0.1948028914103145
Provider_0114,2021,7,0.11635324059134779
Provider_0116,2008,1,0.9730811444878494
Provider_0116,2013,3,0.04879495645403493
Provider_0116,2014,1,0.04363519435529986
Provider_0116,2015,1,0.0710687676238368
Provider_0116,2016,2,0.48734837509752277
Provider_0116,2017,2,0.48193404398190615
Provider_0116,2018,5,0.7448003030035604
Provider_0116,2019,2,0.8053484273758769
Provider_0116,2020,2,0.08813960447118135
Provider_0116,2021,2,0.47111697369226013
Provider_0118,2015,3,0.1046091544059321
Provider_0118,2016,1,0.02272010802087603
Provider_0118,2017,3,0.008102366638312352
Provider_0118,2018,3,0.008884198583954306
Provider_0118,2019,5,0.18319044476271004
Provider_0118,2020,5,0.20840198044176383
Provider_0118,2021,3,0.11736969517339946
Provider_0120,2011,2,0.44869198357601975
Provider_0120,2012,1,0.6926182776380104
Provider_0120,2014,1,0.9331204550252535
Provider_0120,2016,3,0.6578764631641613
Provider_0120,2017,3,0.3897026622435511
Provider_0120,2018,4,0.2625690607124576
Provider_0120,2019,6,0.22083882686398673
Provider_0120,2020,3,0.6514686963503599
Provider_0120,2021,7,0.8768169733027377
Provider_0120,2022,1,0.7463386355853044
Provider_0124,2011,1,0.06930710722980582
Provider_0124,2012,3,0.2816922225528861
Provider_0124,2015,3,0.22931638913396182
Provider_0124,2016,3,0.6574024939761074
Provider_0124,2017,5,0.20536869627427728
Provider_0124,2018,4,0.4160299121598498
Provider_0124,2019,4,0.7817246860184566
Provider_0124,2020,1,0.3003685414503325
Provider_0124,2021,4,0.5620535040939743
Provider_0126,2015,6,0.16827145511001515
Provider_0126,2016,1,0.16137847177716044
Provider_0126,2017,4,0.39474700028059656
Provider_0126,2018,2,0.8413151656671038
Provider_0126,2019,4,0.2709915576319156
Provider_0126,2020,3,0.4659637332853163
Provider_0126,2021,4,0.31878574716490926
Provider_0134,2014,1,0.9377458362646152
Provider_0134,2015,1,0.05344150324712094
Provider_0134,2016,1,0.0401484410166314
Provider_0134,2017,2,0.08307218821687842
Provider_0134,2018,8,0.17052361094615906
Provider_0134,2019,2,0.03689387341987366
Provider_0134,2020,5,0.027862769272159027
Provider_0134,2021,2,0.1425636878327225
Provider_0136,2014,7,0.02414283277056653
Provider_0136,2015,4,0.023675664875682734
Provider_0136,2016,3,0.061759197142874374
Provider_0136,2017,1,0.004856840292381862
Provider_0136,2018,3,0.10705042578611058
Provider_0136,2019,3,0.045553126872169
Provider_0136,2020,1,0.0011660125767159024
Provider_0136,2021,2,0.0772515007386132
Provider_0140,2010,1,0.3041812886697125
Provider_0140,2011,1,0.07612984696282207
Provider_0140,2013,1,0.9358705652361187
Provider_0140,2014,2,0.5538628041934792
Provider_0140,2015,5,0.20265204367590747
Provider_0140,2016,5,0.535755418555981
Provider_0140,2018,2,0.021460054326810436
Provider_0140,2019,8,0.09723326199924007
Provider_0140,2020,2,0.06572578299936979
Provider_0140,2021,4,0.647143690619438
Provider_0141,2015,2,0.12638502556563397
Provider_0141,2016,4,0.3286713930013948
Provider_0141,2017,3,0.351925314990113
Provider_0141,2018,2,0.5472882999023023
Provider_0141,2019,1,0.9868886063483951
Provider_0141,2021,8,0.7103590377635695
Provider_0141,2022,2,0.07617394055311369
Provider_0143,2014,2,0.006231533882813736
Provider_0143,2016,4,0.07915308409541559
Provider_0143,2017,3,0.04161169798941298
Provider_0143,2018,3,0.3512980668729829
Provider_0143,2019,5,0.20508034582136075
Provider_0143,2020,2,0.028179122169194454
Provider_0143,2021,3,0.05818216053730596
Provider_0145,2016,7,0.12393876549100837
Provider_0145,2017,7,0.10273343039335166
Provider_0145,2018,15,0.042750544074613935
Provider_0145,2019,31,0.10746616550924923
Provider_0145,2020,51,0.13213595420240176
Provider_0145,2021,26,0.22788283693697617
Provider_0148,2014,1,0.12691062545875056
Provider_0148,2016,2,0.10131692962871032
Provider_0148,2017,1,0.11964071633036075
Provider_0148,2018,6,0.19314634416793638
Provider_0148,2019,11,0.3046247053503804
Provider_0148,2020,11,0.3150174660987515
Provider_0148,2021,6,0.5776709135059334
Provider_0151,2014,2,0.5623705309702616
Provider_0151,2015,1,0.6682639078028295
Provider_0151,2016,3,0.2394602034373979
Provider_0151,2017,5,0.626866744903573
Provider_0151,2018,5,0.3664600671946824
Provider_0151,2019,2,0.9515659981407896
Provider_0151,2020,1,0.09378079447945604
Provider_0151,2021,1,0.8437260282339699
Provider_0153,2012,2,0.09433050873631878
Provider_0153,2015,3,0.09589067111658599
Provider_0153,2016,2,0.010928379220067092
Provider_0153,2017,8,0.1981487503059488
Provider_0153,2018,17,0.04920559165069866
Provider_0153,2019,15,0.1061541685827995
Provider_0153,2020,7,0.03824526711239061
Provider_0153,2021,6,0.17616052111566596
Provider_0155,2015,3,0.017342906917350864
Provider_0155,2016,3,0.035896854619675386
Provider_0155,2017,1,0.08969636561596012
Provider_0155,2018,6,0.05074005878319091
Provider_0155,2019,5,0.1941081607693636
Provider_0155,2020,10,0.045499587259275165
Provider_0155,2021,6,0.054127104100373774
Provider_0155,2022,1,0.0004296972946384258
Provider_0157,2011,3,0.12895578880866648
Provider_0157,2012,2,0.5415149108159785
Provider_0157,2013,4,0.12217819341197811
Provider_0157,2014,1,0.9230074024713961
Provider_0157,2015,4,0.33462451080481537
Provider_0157,2016,6,0.3346800496218027
Provider_0157,2017,7,0.4012118284036327
Provider_0157,2018,7,0.3018333106080881
Provider_0157,2019,5,0.7546533861004482
Provider_0157,2020,6,0.8012655993744825
Provider_0157,2021,7,0.5501382966650598
Provider_0162,2013,4,0.01505185438027708
Provider_0162,2014,17,0.051385902999710506
Provider_0162,2015,15,0.1996816273690259
Provider_0162,2016,18,0.20214758638206098
Provider_0162,2017,13,0.22626165389938743
Provider_0162,2018,19,0.46985886229021334
Provider_0162,2019,6,0.616365036508959
Provider_0162,2020,20,0.34976460500212847
Provider_0162,2021,17,0.3166094962386723
Provider_0162,2022,4,0.5121246148873019
Provider_0171,2012,2,0.057375069000165715
Provider_0171,2013,2,0.49525860019067314
Provider_0171,2014,1,0.016352265416156312
Provider_0171,2015,1,0.13594428497200778
Provider_0171,2016,8,0.7597434551418805
Provider_0171,2017,4,0.033320590603895375
Provider_0171,2018,9,0.13950106762269093
Provider_0171,2019,9,0.2327731534443807
Provider_0171,2020,4,0.26493857490635925
Provider_0180,2017,3,0.6319720393441376
Provider_0180,2018,5,0.9204840956329526
Provider_0180,2019,8,0.9878682815268366
Provider_0180,2020,10,0.864048659114203
Provider_0180,2021,10,0.8637487178586417
Provider_0182,2013,2,0.8830167111913467
Provider_0182,2014,3,0.4232487087754104
Provider_0182,2015,4,0.6682728187134274
Provider_0182,2016,4,0.32106452548120545
Provider_0182,2017,3,0.6476130333659187
Provider_0182,2018,7,0.5934354702705645
Provider_0182,2019,6,0.48416375532619743
Provider_0182,2020,2,0.03276350065525954
Provider_0182,2021,5,0.3119602662204182
Provider_0183,2015,3,0.2868478650319021
Provider_0183,2016,5,0.030533648144627473
Provider_0183,2017,8,0.2914669578726078
Provider_0183,2018,7,0.1329426924681353
Provider_0183,2019,8,0.35413910863910486
Provider_0183,2020,6,0.19668615253372657
Provider_0183,2021,4,0.6147986778853718
Provider_0185,2010,3,0.4944451586881627
Provider_0185,2011,2,0.9579210376733183
Provider_0185,2012,8,0.9188789676145692
Provider_0185,2013,4,0.9333195724059246
Provider_0185,2014,1,0.9971629001668072
Provider_0185,2015,7,0.6166556058270347
Provider_0185,2016,7,0.470725557647304
Provider_0185,2017,1,0.04795362455514148
Provider_0185,2018,12,0.6583895189434353
Provider_0185,2019,12,0.4461053536267419
Provider_0185,2020,12,0.5131379345452092
Provider_0185,2021,12,0.28573904274631184
Provider_0185,2022,1,0.05177810144070369
Provider_0192,2016,5,0.8428398042997326
Provider_0192,2017,8,0.37189102998190293
Provider_0192,2018,3,0.6287272914673725
Provider_0192,2019,1,0.005125615332026708
Provider_0192,2020,7,0.3412778941830208
Provider_0192,2021,5,0.365747896851214
Provider_0196,2011,1,0.0832091259679331
Provider_0196,2012,1,0.8479657984734199
Provider_0196,2013,3,0.5913778367665126
Provider_0196,2015,6,0.3430887854216716
Provider_0196,2016,7,0.577384342258968
Provider_0196,2017,4,0.4308827150264817
Provider_0196,2018,4,0.2716907312447468
Provider_0196,2019,1,0.011110976072915798
Provider_0196,2020,4,0.3462757248063555
Provider_0196,2021,3,0.08505083861869216
Provider_0197,2012,1,0.049623712872552087
Provider_0197,2015,1,0.021988287533246564
Provider_0197,2016,1,0.0822417219682932
Provider_0197,2017,3,0.43168333288728006
Provider_0197,2018,5,0.06792734544651094
Provider_0197,2019,9,0.4607662604676512
Provider_0197,2020,6,0.20088233390294544
Provider_0197,2021,4,0.6980665530559977
Provider_0201,2016,3,0.023612778262305945
Provider_0201,2017,4,0.06783285044809666
Provider_0201,2018,6,0.08614392330560326
Provider_0201,2019,6,0.013540845497948645
Provider_0201,2020,2,0.030469384730140624
Provider_0201,2022,1,0.005440825949334204
Provider_0204,2011,1,0.11864779800854026
Provider_0204,2012,4,0.5932828142777847
Provider_0204,2013,5,0.3052732612342427
Provider_0204,2014,3,0.4641744499477598
Provider_0204,2015,6,0.3581645923294241
Provider_0204,2016,4,0.2894126469839462
Provider_0204,2017,5,0.40552036059933866
Provider_0204,2018,11,0.34519825530745607
Provider_0204,2019,5,0.22589569308701307
Provider_0204,2020,4,0.25233008210485036
Provider_0204,2021,3,0.7141257617381477
Provider_0207,2014,1,0.01658331190850874
Provider_0207,2015,1,0.8455421383980823
Provider_0207,2017,4,0.7293714072182857
Provider_0207,2018,4,0.7620694363434581
Provider_0207,2019,2,0.949785197798759
Provider_0207,2020,3,0.9077448078365417
Provider_0207,2021,6,0.6479264201857642
Provider_0209,2013,1,0.9679609327048166
Provider_0209,2014,2,0.5251305546601941
Provider_0209,2015,1,0.9142099789034724
Provider_0209,2016,2,0.46410569924899736
Provider_0209,2017,6,0.03225095699430578
Provider_0209,2018,5,0.6097818109699485
Provider_0209,2019,4,0.2664801587585768
Provider_0209,2020,7,0.15306547119544603
Provider_0209,2021,5,0.28297081609572355
Provider_0213,2013,1,0.014035675913075104
Provider_0213,2014,3,0.008730628742495122
Provider_0213,2015,5,0.0304932573232294
Provider_0213,2016,2,0.13728986614586383
Provider_0213,2017,3,0.007882418204057396
Provider_0213,2018,4,0.22873970372453012
Provider_0213,2019,4,0.5491701574770936
Provider_0213,2020,3,0.5834125591387164
Provider_0213,2021,2,0.7998451853506772
Provider_0217,2014,9,0.6692624172922907
Provider_0217,2015,2,0.990584842681939
Provider_0217,2016,7,0.5989146136133103
Provider_0217,2017,4,0.8735019414079037
Provider_0217,2018,1,0.8147847730257505
Provider_0235,2010,1,0.9732498445283657
Provider_0235,2011,2,0.953011509357766
Provider_0235,2012,2,0.9720525054262071
Provider_0235,2013,5,0.9665424823919512
Provider_0235,2014,7,0.9696320276169754
Provider_0235,2015,6,0.9666411902951988
Provider_0235,2016,2,0.9696990394849248
Provider_0247,2012,5,0.0337912844550045
Provider_0247,2013,7,0.09226518263016062
Provider_0247,2014,6,0.30967448549298404
Provider_0247,2015,11,0.035417457818839274
Provider_0247,2016,8,0.022371088821822174
Provider_0247,2017,9,0.05842493141098749
Provider_0247,2018,7,0.009406714623760236
Provider_0247,2019,8,0.13758608366947403
Provider_0247,2020,6,0.029461604981932888
Provider_0247,2021,6,0.023255914250380493
Provider_0255,2011,1,0.7009386069813995
Provider_0255,2012,1,0.08908921386836506
Provider_0255,2013,2,0.047955610787918095
Provider_0255,2014,8,0.09793304509826714
Provider_0255,2015,9,0.18584135352471204
Provider_0255,2016,5,0.46658326843134085
Provider_0255,2017,9,0.25856458290687523
Provider_0255,2018,16,0.19918818238333336
Provider_0255,2019,13,0.23401633333590838
Provider_0255,2020,12,0.3533077503780731
Provider_0255,2021,7,0.38900599281107906
Provider_0256,2014,1,0.0183119864998581
Provider_0256,2015,3,0.05251186245460243
Provider_0256,2016,12,0.08628828781141933
Provider_0256,2017,14,0.10099200685623033
Provider_0256,2018,5,0.052912817771925524
Provider_0256,2019,27,0.11355329931574322
Provider_0256,2020,16,0.11210909951847674
Provider_0256,2021,16,0.10041984085821841
Provider_0263,2015,1,0.19688572514494984
Provider_0263,2016,3,0.013967904504539741
Provider_0263,2017,6,0.04476986302978944
Provider_0263,2018,6,0.18691238238666089
Provider_0263,2019,2,0.00814098839607724
Provider_0263,2020,3,0.23779282897370926
Provider_0263,2021,5,0.385509310396934
Provider_0270,2014,1,0.9612488728131813
Provider_0270,2015,1,0.057062677253905444
Provider_0270,2017,2,0.1971224690779001
Provider_0270,2018,2,0.04957651658876075
Provider_0270,2019,4,0.3322692948077006
Provider_0270,2020,8,0.2903580872168724
Provider_0270,2021,5,0.2516166176175402
Provider_0272,2010,1,0.0067822291573468646
Provider_0272,2011,1,0.8847806078935948
Provider_0272,2012,4,0.4301128760874381
Provider_0272,2013,1,0.9299353678658802
Provider_0272,2014,8,0.42011065601235176
Provider_0272,2015,3,0.43214930602274815
Provider_0272,2016,6,0.40322742342715595
Provider_0272,2017,3,0.13491348348254747
Provider_0272,2018,3,0.047931130984062424
Provider_0272,2019,10,0.29635964880920324
Provider_0272,2020,2,0.09340522359689105
Provider_0273,2014,1,0.979066333013778
Provider_0273,2015,4,0.7598615164790936
Provider_0273,2016,8,0.5937496416287291
Provider_0273,2017,22,0.46561161347094165
Provider_0273,2018,12,0.6523175676002094
Provider_0273,2019,26,0.4180623696062925
Provider_0273,2020,12,0.6532762922778189
Provider_0273,2021,15,0.670626971627307
Provider_0276,2012,1,0.010071654923165833
Provider_0276,2013,7,0.30156776507339955
Provider_0276,2014,5,0.11160947187129973
Provider_0276,2015,6,0.07940170915163286
Provider_0276,2016,5,0.45685481084350077
Provider_0276,2017,4,0.024872592006871697
Provider_0276,2018,5,0.41546037328541824
Provider_0276,2019,2,0.01920759584232083
Provider_0276,2020,2,0.016397244836101832
Provider_0276,2021,1,0.01766481689372115
Provider_0292,2014,1,0.9831359233865471
Provider_0292,2015,3,0.9210699665672558
Provider_0292,2016,13,0.6143967841821051
Provider_0292,2017,16,0.6478542415326545
Provider_0292,2018,7,0.814231669296695
Provider_0292,2019,6,0.9628535879263289
Provider_0292,2020,2,0.7421352602476077
Provider_0292,2021,2,0.9714679154317699
Provider_0293,2014,1,0.024480810591805433
Provider_0293,2015,1,0.0021826783383364625
Provider_0293,2016,2,0.03785632454960977
Provider_0293,2017,2,0.0316739140608462
Provider_0293,2018,5,0.18063076017702037
Provider_0293,2019,4,0.2508451011587287
Provider_0293,2020,2,0.45723643669849334
Provider_0293,2021,3,0.047597055168975964
Provider_0293,2022,2,0.03282004023617966
Provider_0302,2011,1,0.9311935517139922
Provider_0302,2013,3,0.979354265431334
Provider_0302,2014,8,0.9122715001762425
Provider_0302,2015,4,0.7755621932531168
Provider_0302,2016,7,0.7781169881113366
Provider_0302,2017,4,0.9703376245048694
Provider_0302,2018,11,0.8281644413594864
Provider_0302,2019,8,0.842086214288453
Provider_0302,2020,4,0.9696752790861688
Provider_0305,2013,1,0.975263254962678
Provider_0305,2014,1,0.04445648739510145
Provider_0305,2015,3,0.9323437127175896
Provider_0305,2016,8,0.7334542057756722
Provider_0305,2017,7,0.846862225389123
Provider_0305,2018,4,0.934279662156984
Provider_0305,2019,13,0.7301738507734543
Provider_0305,2020,4,0.7443466368132653
Provider_0305,2021,17,0.8942668029554696
Provider_0316,2014,3,0.028296493568196756
Provider_0316,2015,7,0.03396643964460675
Provider_0316,2016,7,0.03558151296122695
Provider_0316,2017,7,0.5244684978416909
Provider_0316,2018,10,0.6096630853495109
Provider_0316,2019,3,0.9087527195449653
Provider_0316,2021,4,0.5958533673572431
Provider_0319,2014,2,0.353430887797468
Provider_0319,2015,2,0.9469405904072075
Provider_0319,2016,6,0.873246081367362
Provider_0319,2017,7,0.3164860625056857
Provider_0319,2018,4,0.7047288904173842
Provider_0319,2019,7,0.3099996997450411
Provider_0319,2020,2,0.41595368274970135
Provider_0319,2021,7,0.7228752716397596
Provider_0322,2016,8,0.06344902266113042
Provider_0322,2017,5,0.19596418134567714
Provider_0322,2018,5,0.41586810243497574
Provider_0322,2019,2,0.944591254423244
Provider_0322,2020,3,0.09193933981515594
Provider_0322,2021,3,0.0093486385801869
Provider_0322,2022,1,0.00357758121992856
Provider_0329,2013,2,0.1264344568318583
Provider_0329,2014,5,0.37113991249760747
Provider_0329,2015,4,0.07231578818686374
Provider_0329,2016,2,0.40170572737421295
Provider_0329,2017,3,0.3392724326952284
Provider_0329,2018,1,0.013482293965984738
Provider_0329,2019,3,0.7039726081572987
Provider_0329,2020,1,0.0408932897435856
Provider_0329,2021,3,0.33389337071843056
Provider_0333,2014,1,0.03382318903755514
Provider_0333,2015,2,0.05771606802390672
Provider_0333,2016,1,0.9270050817678148
Provider_0333,2017,4,0.2544625338650141
Provider_0333,2018,3,0.040972635527304825
Provider_0333,2019,6,0.21450416517554605
Provider_0333,2020,7,0.46457938643866353
Provider_0333,2021,3,0.22977348597816438
Provider_0334,2011,1,0.8083463193108619
Provider_0334,2013,1,0.024555915612772667
Provider_0334,2014,4,0.05941577698050744
Provider_0334,2015,1,0.26944409670485453
Provider_0334,2016,5,0.3473950777240756
Provider_0334,2017,10,0.5556418659787307
Provider_0334,2018,1,0.9199212970537985
Provider_0334,2019,7,0.4176931331819956
Provider_0334,2020,2,0.4951899761646543
Provider_0334,2021,2,0.9854177063360111
Provider_0336,2008,2,0.6045046576925722
Provider_0336,2010,2,0.747647170473426
Provider_0336,2011,1,0.8784694659237903
Provider_0336,2012,7,0.6156901142938774
Provider_0336,2013,7,0.6716994707608596
Provider_0336,2014,14,0.3448538903871419
Provider_0336,2015,5,0.3041211291142334
Provider_0336,2016,4,0.4825145388555938
Provider_0336,2017,5,0.022332171753576185
Provider_0336,2018,12,0.2123146153540857
Provider_0336,2019,5,0.05781217583338175
Provider_0336,2020,5,0.23130784098385612
Provider_0336,2021,4,0.3419834433192429
Provider_0338,2012,2,0.5601872720018385
Provider_0338,2013,1,0.973230249140673
Provider_0338,2014,2,0.5097516014176638
Provider_0338,2015,6,0.9541905494324757
Provider_0338,2016,15,0.8787793790713749
Provider_0338,2017,1,0.33613712673506835
Provider_0338,2018,2,0.6404740387689299
Provider_0338,2019,1,0.033838343032270506
Provider_0338,2020,1,0.8329795684230278
Provider_0338,2021,1,0.16228205133388543
Provider_0341,2011,4,0.05388641826194325
Provider_0341,2012,2,0.065998600856023
Provider_0341,2013,12,0.2191162167550235
Provider_0341,2014,13,0.24143625443703792
Provider_0341,2015,15,0.06596592062183243
Provider_0341,2016,16,0.11700968007081984
Provider_0341,2017,18,0.20508224747771464
Provider_0341,2018,17,0.31256907973650555
Provider_0341,2019,11,0.13505822632656003
Provider_0341,2020,6,0.08425970914555181
Provider_0341,2021,9,0.1259252086303899
Provider_0342,2007,1,0.9458164306797674
Provider_0342,2011,1,0.004226914992632906
Provider_0342,2012,5,0.6724291658818911
Provider_0342,2013,2,0.8615463192909292
Provider_0342,2014,6,0.6591048563359249
Provider_0342,2015,10,0.5754528901438705
Provider_0342,2016,17,0.7849195080545669
Provider_0342,2017,18,0.7613150579196629
Provider_0342,2018,6,0.9208351636918694
Provider_0342,2019,16,0.9296471442293789
Provider_0342,2020,14,0.9543147653917284
Provider_0342,2021,12,0.9041031329735705
Provider_0345,2009,1,0.04697113463937881
Provider_0345,2011,1,0.03417315521077128
Provider_0345,2013,3,0.30013117643956544
Provider_0345,2014,2,0.32856890667389316
Provider_0345,2015,2,0.014391533945073004
Provider_0345,2016,2,0.03391458894532775
Provider_0345,2017,3,0.6083435416277333
Provider_0345,2018,3,0.30984955963908517
Provider_0345,2019,4,0.2653089101825183
Provider_0345,2020,3,0.042041415175559003
Provider_0345,2021,3,0.5515855925820071
Provider_0348,2010,1,0.6123280448085415
Provider_0348,2011,3,0.9032967664575183
Provider_0348,2012,1,0.17855978173785345
Provider_0348,2013,1,0.9737884052392479
Provider_0348,2014,1,0.9501466170790823
Provider_0348,2015,2,0.6488956318818373
Provider_0348,2016,8,0.672965790235697
Provider_0348,2017,7,0.8173953819004051
Provider_0348,2018,4,0.7751383629510453
Provider_0348,2019,1,0.015937953519954487
Provider_0348,2020,2,0.8865937324565041
Provider_0348,2021,9,0.6547004129617534
Provider_0350,2014,4,0.4886791043218418
Provider_0350,2015,3,0.5247286650196249
Provider_0350,2016,7,0.36638387068534073
Provider_0350,2017,4,0.35883234892009414
Provider_0350,2018,12,0.3869964422081384
Provider_0350,2019,4,0.3701194119631374
Provider_0350,2020,1,0.9149851757783977
Provider_0350,2021,4,0.8956819126594027
Provider_0361,2014,3,0.027982099910363087
Provider_0361,2015,2,0.1309764035238781
Provider_0361,2016,4,0.23573369891680973
Provider_0361,2017,4,0.4895014700664906
Provider_0361,2018,4,0.4323935170012897
Provider_0361,2019,4,0.5107513417425924
Provider_0361,2020,4,0.49386305331938535
Provider_0361,2021,4,0.4438316706804631
Provider_0363,2016,2,0.13657983651977124
Provider_0363,2017,1,0.0069678396749816495
Provider_0363,2018,10,0.1946837120477461
Provider_0363,2019,8,0.1317159460687371
Provider_0363,2020,4,0.0642677203605085
Provider_0363,2021,2,0.07158402844578637
Provider_0375,2012,2,0.39335998967582353
Provider_0375,2014,3,0.6609732262557279
Provider_0375,2015,1,0.0458611994870547
Provider_0375,2016,4,0.2845794984888106
Provider_0375,2017,2,0.42302029270156355
Provider_0375,2018,2,0.577544392265665
Provider_0375,2019,5,0.36564496783083866
Provider_0375,2020,5,0.44148795756662046
Provider_0375,2021,6,0.8856168984989715
Provider_0377,2011,1,0.09426880869651118
Provider_0377,2014,1,0.002642215689421431
Provider_0377,2016,9,0.16343485012738213
Provider_0377,2017,3,0.5793628060343069
Provider_0377,2018,4,0.5267414437126038
Provider_0377,2019,8,0.14042397044915506
Provider_0377,2020,5,0.5873284103746522
Provider_0377,2021,5,0.5615182975573514
Provider_0379,2010,1,0.04581625456502508
Provider_0379,2011,8,0.7718341580546768
Provider_0379,2012,2,0.530739713017677
Provider_0379,2013,6,0.46628161700113613
Provider_0379,2014,9,0.7658765514656408
Provider_0379,2015,11,0.5702309794205654
Provider_0379,2016,17,0.6777158709493042
Provider_0379,2017,6,0.4925671654956227
Provider_0379,2018,10,0.7352457988213035
Provider_0379,2019,13,0.5684984374756114
Provider_0379,2020,12,0.7208756153145471
Provider_0379,2021,8,0.816936560321603
Provider_0379,2022,1,0.08155389217804937
Provider_0382,2010,1,0.9641285115146943
Provider_0382,2012,2,0.5713517095795594
Provider_0382,2013,9,0.9420104304592933
Provider_0382,2014,16,0.8686076749473699
Provider_0382,2015,15,0.8074058896129058
Provider_0382,2016,4,0.9833850383635898
Provider_0382,2017,5,0.7732471464513287
Provider_0382,2018,5,0.8451714080951749
Provider_0382,2019,6,0.9086757130755719
Provider_0382,2020,2,0.516057512241672
Provider_0382,2021,7,0.5715948742843314
Provider_0382,2022,1,0.9957957375024149
Provider_0384,2016,1,0.9930440114526246
Provider_0384,2017,10,0.7614726927346693
Provider_0384,2018,4,0.6097661307259854
Provider_0384,2019,3,0.3756582028937904
Provider_0384,2020,4,0.9060242928678726
Provider_0384,2021,4,0.8810483993219821
Provider_0385,2015,5,0.17984375194079477
Provider_0385,2016,1,0.14547791221244352
Provider_0385,2017,6,0.1262081673066595
Provider_0385,2018,2,0.02705263256721646
Provider_0385,2019,3,0.3971384323722804
Provider_0385,2020,2,0.017981977561699454
Provider_0385,2021,4,0.08797206613550558
Provider_0396,2016,1,0.1721609751018324
Provider_0396,2018,10,0.0661651612820153
Provider_0396,2019,1,0.007160018110666788
Provider_0396,2020,6,0.07511292053421996
Provider_0396,2021,12,0.047654727939928844
Provider_0397,2013,1,0.7391555999602388
Provider_0397,2014,1,0.09577682137252005
Provider_0397,2015,10,0.2370292478483884
Provider_0397,2016,6,0.48054784188837374
Provider_0397,2017,17,0.31207089851560155
Provider_0397,2018,20,0.4403683842392921
Provider_0397,2019,13,0.5177443261225557
Provider_0397,2020,4,0.43438207345835783
Provider_0397,2021,4,0.32623148265044555
Provider_0399,2012,3,0.06726066096029092
Provider_0399,2013,4,0.045046725295376885
Provider_0399,2014,7,0.3583385007898256
Provider_0399,2015,1,0.009982173943823693
Provider_0399,2016,3,0.3767475698112375
Provider_0399,2017,3,0.2068657025794056
Provider_0399,2018,3,0.32630738559804234
Provider_0399,2019,5,0.40221550977486975
Provider_0399,2020,1,0.8488889485631442
Provider_0399,2021,2,0.016346992784654873
Provider_0401,2011,1,0.933936733581405
Provider_0401,2012,3,0.933022390807455
Provider_0401,2013,5,0.659435776316158
Provider_0401,2014,3,0.915635248577861
Provider_0401,2015,3,0.7126851951014511
Provider_0401,2016,6,0.5229655985338831
Provider_0401,2017,3,0.8232093895643082
Provider_0401,2018,3,0.6804763730510043
Provider_0401,2019,3,0.9376757996013771
Provider_0401,2020,6,0.43651323801176894
Provider_0401,2021,1,0.7896946474027956
Provider_0403,2012,1,0.0048991385308140975
Provider_0403,2013,5,0.23116226361814746
Provider_0403,2014,4,0.2577219649948941
Provider_0403,2015,5,0.2065268565243842
Provider_0403,2016,21,0.15949298405139858
Provider_0403,2017,11,0.01672549656064608
Provider_0403,2018,13,0.15994600804703632
Provider_0403,2019,7,0.14150958869857674
Provider_0403,2020,5,0.19139178951057262
Provider_0409,2015,1,0.22275102782416098
Provider_0409,2016,1,0.12362088976288181
Provider_0409,2017,6,0.04943947087952901
Provider_0409,2018,2,0.14247936662322386
Provider_0409,2019,3,0.15372052713096349
Provider_0409,2020,4,0.22872404503391885
Provider_0409,2021,4,0.1661229541245268
Provider_0410,2014,2,0.15976338698775375
Provider_0410,2015,4,0.22426116133094737
Provider_0410,2016,1,0.017275005545281268
Provider_0410,2017,4,0.47692995950062
Provider_0410,2018,8,0.49730139434593
Provider_0410,2019,3,0.6627110766598641
Provider_0410,2020,2,0.9199241470445925
Provider_0410,2021,2,0.045713257331740156
Provider_0422,2014,3,0.342102296016125
Provider_0422,2015,5,0.6025052731791498
Provider_0422,2016,4,0.5280504770657661
Provider_0422,2017,4,0.4363358632467185
Provider_0422,2018,6,0.5783957726602197
Provider_0422,2019,4,0.8810763567356711
Provider_0422,2020,7,0.19043223301781373
Provider_0422,2021,4,0.4518556837317744
Provider_0424,2013,1,0.08027583792665985
Provider_0424,2014,1,0.10301570649971781
Provider_0424,2015,1,0.023709084101542058
Provider_0424,2017,1,0.0070598905017322236
Provider_0424,2019,6,0.45846201863811736
Provider_0424,2020,4,0.21082667718728934
Provider_0424,2021,6,0.943568156034138
Provider_0426,2013,4,0.6578691899631992
Provider_0426,2014,3,0.9220120879636996
Provider_0426,2015,7,0.9730632877707609
Provider_0426,2016,8,0.9771165315465304
Provider_0426,2017,9,0.7608053273420964
Provider_0426,2018,5,0.7320523644089161
Provider_0426,2019,8,0.8738118979174063
Provider_0426,2020,2,0.9342133127468027
Provider_0426,2021,6,0.9646533029240376
Provider_0431,2008,2,0.6512919125252469
Provider_0431,2011,1,0.07045774059172044
Provider_0431,2012,2,0.0968211037404969
Provider_0431,2013,1,0.690631197494161
Provider_0431,2014,1,0.15244162415714543
Provider_0431,2015,1,0.6031850311464789
Provider_0431,2016,3,0.32908468300077187
Provider_0431,2017,4,0.5034004462203803
Provider_0431,2018,5,0.24895445237147582
Provider_0431,2019,1,0.0025225808137249615
Provider_0431,2020,2,0.18045731877171187
Provider_0434,2014,3,0.08543736485224207
Provider_0434,2015,7,0.2953343749778227
Provider_0434,2016,10,0.45152474672936743
Provider_0434,2017,4,0.6832964903833282
Provider_0434,2018,11,0.2418845530743784
Provider_0434,2019,7,0.27125014011586623
Provider_0434,2020,5,0.9007580494231904
Provider_0434,2021,10,0.426687785288999
Provider_0434,2022,1,0.9104970399284648
Provider_0440,2015,6,0.9486340471503083
Provider_0440,2016,6,0.9710220221207329
Provider_0440,2017,12,0.8137659313540536
Provider_0440,2018,20,0.9251024043153633
Provider_0440,2019,20,0.8051128086740468
Provider_0440,2020,6,0.7573616472711748
Provider_0440,2021,25,0.9133109399833609
Provider_0440,2022,11,0.9468274781822078
Provider_0442,2015,1,0.052937209303626165
Provider_0442,2016,4,0.9647767844862142
Provider_0442,2017,6,0.831750883147573
Provider_0442,2018,4,0.8573250166316286
Provider_0442,2019,4,0.9791940383856965
Provider_0442,2020,4,0.9233892308068374
Provider_0442,2021,2,0.9557093522888624
Provider_0461,2014,4,0.8489918538152937
Provider_0461,2015,5,0.964289689657775
Provider_0461,2016,4,0.8083852839288528
Provider_0461,2017,2,0.6687203718086231
Provider_0461,2018,1,0.9678516915490618
Provider_0461,2019,5,0.6186582670789644
Provider_0461,2020,3,0.6901473867906781
Provider_0461,2021,4,0.746342323707159
Provider_0462,2013,1,0.0004459365133738939
Provider_0462,2015,4,0.031962305162698476
Provider_0462,2016,4,0.021582063364647908
Provider_0462,2017,8,0.14421925535855207
Provider_0462,2018,8,0.12304642486020051
Provider_0462,2019,4,0.032168562804827744
Provider_0462,2020,4,0.023951077669621346
Provider_0462,2021,4,0.09620441136100906
Provider_0463,2011,1,0.9597081642575338
Provider_0463,2012,1,0.028289993724143175
Provider_0463,2014,5,0.037950603187013945
Provider_0463,2015,9,0.3484457387922896
Provider_0463,2016,3,0.017421526629361774
Provider_0463,2017,6,0.20252699714753666
Provider_0463,2018,9,0.2875012742546572
Provider_0463,2019,9,0.19970844819264527
Provider_0463,2020,4,0.37773711095150886
Provider_0463,2021,5,0.5273026916139838
Provider_0465,2011,2,0.517637458889308
Provider_0465,2012,1,0.011088546179963006
Provider_0465,2013,1,0.12242270147442635
Provider_0465,2014,2,0.4412429106037671
Provider_0465,2015,1,0.9935138051168008
Provider_0465,2016,1,0.8913042147601199
Provider_0465,2017,6,0.2070756754666386
Provider_0465,2018,3,0.6248468624831827
Provider_0465,2019,7,0.555313437969381
Provider_0465,2020,5,0.551069550662453
Provider_0470,2018,5,0.4494474106593236
Provider_0470,2019,8,0.42293120107977533
Provider_0470,2020,15,0.3543481742933387
Provider_0470,2021,12,0.7936071715873031
Provider_0473,2011,1,0.02581976698335806
Provider_0473,2012,3,0.08069249314429122
Provider_0473,2013,3,0.33109005659985413
Provider_0473,2014,1,0.4663519812340563
Provider_0473,2016,2,0.033136086785285755
Provider_0473,2017,4,0.5024932487004163
Provider_0473,2019,7,0.1503052128286575
Provider_0473,2020,5,0.06620999846866828
Provider_0473,2021,8,0.16618657900122139
Provider_0473,2022,1,0.008470248015086118
Provider_0474,2012,1,0.014362188017639345
Provider_0474,2016,2,0.03836962210828069
Provider_0474,2017,6,0.047719410297436204
Provider_0474,2018,19,0.11239464287749903
Provider_0474,2019,19,0.19036973968523319
Provider_0474,2020,7,0.03820281232324626
Provider_0474,2021,3,0.27522947384380636
Provider_0476,2013,1,0.02349637184029921
Provider_0476,2015,1,0.017125876646564547
Provider_0476,2016,2,0.04814487307879557
Provider_0476,2017,6,0.38427707167356817
Provider_0476,2018,3,0.028954158057171955
Provider_0476,2019,8,0.430489192484642
Provider_0476,2020,2,0.06413187016242916
Provider_0476,2021,7,0.05029905054708505
Provider_0481,2010,3,0.3091696961070634
Provider_0481,2011,5,0.2222717131159025
Provider_0481,2012,4,0.14697130302087988
Provider_0481,2013,2,0.13724061085559555
Provider_0481,2014,4,0.3911558523864095
Provider_0481,2017,3,0.252578894717498
Provider_0481,2018,3,0.18261050102239085
Provider_0481,2019,3,0.3267309836750986
Provider_0481,2020,1,0.9223893854957159
Provider_0481,2021,3,0.18676895288026088
Provider_0482,2011,4,0.34343077933068505
Provider_0482,2012,1,0.8410962726793377
Provider_0482,2013,1,0.2112856844284733
Provider_0482,2014,5,0.4820919186328916
Provider_0482,2015,3,0.39929133302216896
Provider_0482,2016,4,0.11320523426400195
Provider_0482,2017,2,0.4981827191118356
Provider_0482,2018,3,0.6484211256839711
Provider_0482,2019,2,0.021541188049258413
Provider_0482,2020,3,0.08670957345635384
Provider_0482,2021,4,0.7062538225624088
Provider_0486,2010,1,0.017037767534518248
Provider_0486,2011,1,0.33779587201278144
Provider_0486,2012,4,0.09436023180935887
Provider_0486,2013,4,0.34794939409034287
Provider_0486,2014,2,0.0758624942209272
Provider_0486,2015,1,0.12981041318998274
Provider_0486,2017,3,0.4584711935828554
Provider_0486,2019,2,0.5867008316146953
Provider_0486,2020,3,0.21061526405011177
Provider_0488,2012,1,0.9905307021324432
Provider_0488,2014,4,0.9498010909888628
Provider_0488,2015,6,0.2787549121579832
Provider_0488,2016,5,0.5838221647478712
Provider_0488,2017,3,0.6381383202839258
Provider_0488,2018,2,0.037036584088595954
Provider_0488,2019,1,0.026965628002646857
Provider_0488,2020,2,0.5268330981316298
Provider_0488,2021,2,0.4603138483343002
Provider_0492,2016,1,0.03617258041358565
Provider_0492,2018,6,0.04570764396828639
Provider_0492,2019,5,0.15643262604757774
Provider_0492,2020,8,0.027002578652715263
Provider_0492,2021,8,0.04153058080214816
Provider_0492,2022,1,0.03956570384825317
Provider_0496,2011,1,0.012796529537159986
Provider_0496,2012,1,0.8481987417533775
Provider_0496,2013,1,0.8662943092658294
Provider_0496,2014,4,0.975743101156388
Provider_0496,2015,6,0.6803868592645465
Provider_0496,2016,7,0.9826549766976287
Provider_0496,2017,13,0.811734586272779
Provider_0496,2018,8,0.8845030604870076
Provider_0496,2019,6,0.9449120332124769
Provider_0496,2020,9,0.9699486483539902
Provider_0496,2021,3,0.9747266467791652
Provider_0499,2009,2,0.04556847684865941
Provider_0499,2010,1,0.06336976084751854
Provider_0499,2011,3,0.058626919648031746
Provider_0499,2012,1,0.8672338881466334
Provider_0499,2013,2,0.41120044096017205
Provider_0499,2014,2,0.14790140369936217
Provider_0499,2015,1,0.06371739617673622
Provider_0499,2016,3,0.3297852710379015
Provider_0499,2017,4,0.05816837785545138
Provider_0499,2018,3,0.9108735358843897
Provider_0499,2019,1,0.047515577537775855
Provider_0499,2020,4,0.29398044427044323
Provider_0499,2021,2,0.26662015833126773
Provider_0501,2011,3,0.2165949551184588
Provider_0501,2012,3,0.1068634184746926
Provider_0501,2013,5,0.18485884556014798
Provider_0501,2014,7,0.5512658979313045
Provider_0501,2015,11,0.22457888269030016
Provider_0501,2016,15,0.27496021499476075
Provider_0501,2017,4,0.5834445853754704
Provider_0501,2018,7,0.5654508702279113
Provider_0501,2019,10,0.3388210318981745
Provider_0501,2020,7,0.3050586545026696
Provider_0501,2021,2,0.06739237718436954
Provider_0505,2012,1,0.0057895001377736045
Provider_0505,2014,1,0.8029872881694151
Provider_0505,2016,3,0.036595158459364036
Provider_0505,2017,13,0.714364073083339
Provider_0505,2018,13,0.5621170148093786
Provider_0505,2019,8,0.4961835905123759
Provider_0505,2020,2,0.47580659538960907
Provider_0505,2021,8,0.3258090959401454
Provider_0506,2015,1,0.5030581785904906
Provider_0506,2016,10,0.02876120606019799
Provider_0506,2017,8,0.29143482075623633
Provider_0506,2018,11,0.12032951273306823
Provider_0506,2019,4,0.1220993465693795
Provider_0506,2020,9,0.23046662615980226
Provider_0506,2021,6,0.41828060064887285
Provider_0508,2011,1,0.18824791682079903
Provider_0508,2012,1,0.8178557102735006
Provider_0508,2013,1,0.04410500016356141
Provider_0508,2014,1,0.9671865547523566
Provider_0508,2015,3,0.3390663682759454
Provider_0508,2016,4,0.8728123571823683
Provider_0508,2017,3,0.5240258168256435
Provider_0508,2018,6,0.391472897917638
Provider_0508,2019,1,0.99143169980976
Provider_0508,2020,2,0.005016613454765115
Provider_0508,2021,1,0.834105805558827
Provider_0518,2011,2,0.16770891282663059
Provider_0518,2013,4,0.32497273564464496
Provider_0518,2015,2,0.39658461498008785
Provider_0518,2016,5,0.6628480413051824
Provider_0518,2017,6,0.03643299595935797
Provider_0518,2018,4,0.3133346782409754
Provider_0518,2019,11,0.09634470600099165
Provider_0518,2020,3,0.024609845517662206
Provider_0518,2021,1,0.0078124977896382045
Provider_0534,2014,2,0.5427768763519107
Provider_0534,2015,6,0.0511767896993865
Provider_0534,2016,22,0.09786261986482764
Provider_0534,2017,11,0.3320752466612229
Provider_0534,2018,5,0.4825274748126313
Provider_0534,2019,7,0.5749569961132321
Provider_0534,2020,1,0.9682652742858198
Provider_0534,2021,4,0.704224362163713
Provider_0535,2016,10,0.1857081429296891
Provider_0535,2017,9,0.2274908608872308
Provider_0535,2018,6,0.05203751089228956
Provider_0535,2019,5,0.07612419301886729
Provider_0535,2020,4,0.024472976418828576
Provider_0535,2021,8,0.189661987134518
Provider_0536,2011,2,0.03240523298308881
Provider_0536,2012,3,0.005105047690068879
Provider_0536,2013,2,0.10609185001361579
Provider_0536,2014,13,0.03072317263173865
Provider_0536,2015,13,0.15549683909631745
Provider_0536,2016,6,0.17235234992440007
Provider_0536,2017,3,0.038566928845845665
Provider_0536,2018,9,0.03542444691252315
Provider_0536,2019,19,0.04286704848472362
Provider_0536,2020,11,0.034323454200211316
Provider_0536,2021,21,0.08423134633037074
Provider_0541,2016,9,0.21476866880387405
Provider_0541,2017,1,0.011611494139296885
Provider_0541,2018,2,0.012014203364877376
Provider_0541,2019,3,0.31577890108716006
Provider_0541,2020,2,0.5396567401770688
Provider_0541,2021,4,0.24388464383180988
Provider_0545,2012,4,0.7727634523001414
Provider_0545,2013,2,0.6276972740856276
Provider_0545,2014,3,0.9601327064653148
Provider_0545,2015,10,0.7804323973366579
Provider_0545,2016,8,0.8260269285937849
Provider_0545,2017,9,0.6443716573918834
Provider_0545,2018,8,0.5263408782605787
Provider_0545,2019,15,0.8572106164796869
Provider_0545,2020,18,0.8591384692576419
Provider_0545,2021,16,0.9803062881753905
Provider_0545,2022,2,0.987649119803365
Provider_0548,2019,5,0.014715178367273912
Provider_0548,2020,6,0.007197855903419287
Provider_0548,2021,21,0.18359353369049705
Provider_0552,2007,1,0.09238844403427643
Provider_0552,2011,1,0.3274013815691928
Provider_0552,2012,3,0.31759099884295133
Provider_0552,2013,2,0.018297408406539487
Provider_0552,2014,5,0.21335975222880207
Provider_0552,2015,3,0.2734129635058621
Provider_0552,2016,4,0.09385213854683337
Provider_0552,2018,1,0.026756222513066124
Provider_0552,2019,1,0.015365838295723
Provider_0552,2020,1,0.005211151062017872
Provider_0555,2012,1,0.930822215942315
Provider_0555,2014,5,0.9292246994006309
Provider_0555,2015,4,0.5995192867082288
Provider_0555,2017,4,0.7575745563270431
Provider_0555,2018,8,0.7052572987459701
Provider_0555,2019,3,0.7369035373759418
Provider_0555,2020,2,0.5071572169615901
Provider_0555,2021,1,0.9953697106145423
Provider_0558,2012,2,0.8700866116015993
Provider_0558,2013,5,0.748593910541226
Provider_0558,2014,3,0.9296224815932165
Provider_0558,2015,8,0.41993284207306203
Provider_0558,2016,6,0.8189080570738829
Provider_0558,2017,5,0.5908899734425248
Provider_0558,2018,1,0.9902720774816052
Provider_0558,2019,8,0.6530985847226479
Provider_0558,2020,6,0.7035107243151265
Provider_0563,2011,1,0.01373781530495016
Provider_0563,2014,1,0.8997470848071097
Provider_0563,2015,3,0.043051848804210445
Provider_0563,2016,10,0.6585713075684996
Provider_0563,2017,9,0.45061386262766767
Provider_0563,2018,3,0.22141421339122616
Provider_0563,2019,3,0.6157054678914714
Provider_0563,2020,5,0.4196920309879976
Provider_0563,2021,4,0.4869169970609635
Provider_0563,2022,1,0.7070512720256567
Provider_0565,2015,2,0.014100472837720587
Provider_0565,2016,13,0.04039747592357105
Provider_0565,2017,20,0.12358021989995774
Provider_0565,2018,12,0.14024186814059258
Provider_0565,2019,11,0.1814860678476685
Provider_0565,2020,10,0.059906392719957624
Provider_0565,2021,12,0.18297732234327702
Provider_0567,2012,1,0.1646286006888251
Provider_0567,2017,3,0.3382537539186385
Provider_0567,2018,4,0.4144903247455728
Provider_0567,2019,6,0.19895947489602558
Provider_0567,2020,3,0.05450590555107012
Provider_0567,2021,5,0.2312612762282698
Provider_0570,2018,7,0.025927162231662502
Provider_0570,2019,12,0.1225130348050128
Provider_0570,2020,8,0.23134204442156303
Provider_0570,2021,2,0.14777673840915814
Provider_0584,2014,1,0.9667487398111851
Provider_0584,2015,3,0.7020736629446834
Provider_0584,2016,5,0.7941867827501307
Provider_0584,2017,5,0.6066014439859388
Provider_0584,2018,1,0.7690972638207523
Provider_0584,2019,8,0.314882022514436
Provider_0584,2020,4,0.041408874579742246
Provider_0584,2021,2,0.5491893358216816
Provider_0591,2011,2,0.603922601296157
Provider_0591,2016,1,0.006961635505836802
Provider_0591,2017,11,0.6212131187778647
Provider_0591,2018,10,0.28252571951836736
Provider_0591,2019,6,0.9583270333392947
Provider_0591,2020,1,0.039958798287198026
Provider_0592,2012,1,0.01752836372776246
Provider_0592,2013,1,0.08891830984133103
Provider_0592,2014,3,0.022431421067796192
Provider_0592,2015,6,0.16148553656814135
Provider_0592,2016,14,0.04213140033479126
Provider_0592,2017,25,0.04809526650487557
Provider_0592,2018,18,0.2302558462763631
Provider_0592,2019,9,0.36548067228579273
Provider_0592,2020,8,0.12189312240816644
Provider_0592,2021,25,0.0661549226086565
Provider_0595,2014,1,0.8411084351709144
Provider_0595,2015,1,0.023730184402677854
Provider_0595,2016,4,0.7279193667791886
Provider_0595,2017,2,0.03332601848162707
Provider_0595,2018,2,0.044767586290074025
Provider_0595,2019,5,0.7680697294703851
Provider_0595,2020,5,0.49349642787360287
Provider_0595,2021,4,0.6828137968506208
Provider_0611,2009,1,0.9958865673281769
Provider_0611,2011,2,0.9650061283971814
Provider_0611,2012,1,0.9680264859176643
Provider_0611,2013,2,0.9781066979613813
Provider_0611,2014,3,0.9866634577577397
Provider_0611,2015,3,0.7471632673741614
Provider_0611,2016,5,0.9677489137546905
Provider_0611,2017,3,0.9092218166203297
Provider_0611,2018,7,0.8601265562389989
Provider_0611,2019,5,0.5711203453641586
Provider_0611,2020,1,0.9980793775527528
Provider_0618,2012,3,0.721842939925723
Provider_0618,2014,2,0.02452087761653335
Provider_0618,2015,3,0.27266932503995994
Provider_0618,2016,6,0.2076069169503384
Provider_0618,2018,3,0.33168331132151996
Provider_0618,2019,2,0.008314017669545239
Provider_0618,2020,3,0.06920292375782629
Provider_0620,2012,1,0.03401971840004134
Provider_0620,2015,5,0.38321314472142365
Provider_0620,2016,2,0.0344796445243112
Provider_0620,2017,2,0.07138400318512497
Provider_0620,2018,4,0.03736595960635688
Provider_0620,2019,2,0.17933941093615974
Provider_0620,2020,1,0.019094391118710065
Provider_0620,2021,2,0.0194956715925769
Provider_0620,2022,3,0.016634970548659637
Provider_0623,2016,2,0.9721443018969007
Provider_0623,2017,1,0.15038961302833084
Provider_0623,2018,2,0.9880323437328211
Provider_0623,2019,6,0.8652972361650972
Provider_0623,2020,8,0.7358529444381443
Provider_0623,2021,8,0.85086609799797
Provider_0630,2013,1,0.009764025052465816
Provider_0630,2014,2,0.09901517218843602
Provider_0630,2015,4,0.5173748745323786
Provider_0630,2016,4,0.8406587824658636
Provider_0630,2017,3,0.13953513963007758
Provider_0630,2019,4,0.311540515725039
Provider_0630,2020,5,0.961699257557885
Provider_0630,2021,2,0.5590552662817693
Provider_0631,2012,2,0.10376130005170456
Provider_0631,2013,7,0.4152161176840524
Provider_0631,2014,3,0.6834654039305817
Provider_0631,2015,3,0.17102150057022994
Provider_0631,2016,7,0.748173588998793
Provider_0631,2017,3,0.3016502835049974
Provider_0631,2018,7,0.8196372216609632
Provider_0631,2019,1,0.9395529393174157
Provider_0631,2020,4,0.5812891819583184
Provider_0631,2021,1,0.9808973000331997
Provider_0640,2013,1,0.0006990396427668642
Provider_0640,2015,1,0.001999637628243524
Provider_0640,2016,1,0.04497273607842529
Provider_0640,2017,3,0.035188133797249936
Provider_0640,2018,6,0.011450491403319272
Provider_0640,2019,1,0.0026227741887193626
Provider_0640,2020,3,0.07546709302206302
Provider_0640,2021,4,0.226251585407654
Provider_0647,2016,6,0.4843561872912037
Provider_0647,2017,5,0.2310420719920256
Provider_0647,2018,6,0.26362015390327614
Provider_0647,2019,3,0.06485898174314635
Provider_0654,2011,1,0.905891555152249
Provider_0654,2014,1,0.07247720950193358
Provider_0654,2015,2,0.11760584590800297
Provider_0654,2016,1,0.009459803457000728
Provider_0654,2017,2,0.01710489033432592
Provider_0654,2018,1,0.010445701806893483
Provider_0654,2019,6,0.014531872406905339
Provider_0654,2020,4,0.009776534149522604
Provider_0654,2021,1,0.8315826347304639
Provider_0654,2022,1,0.023315073347581695
Provider_0657,2013,1,0.8642308463291959
Provider_0657,2015,1,0.9627268541610527
Provider_0657,2016,2,0.02800987669784372
Provider_0657,2018,3,0.6703918534101184
Provider_0657,2019,14,0.3376564419214679
Provider_0657,2021,3,0.5897436736746426
Provider_0658,2013,1,0.8502993952733521
Provider_0658,2014,3,0.361245923604677
Provider_0658,2015,2,0.1321787348853789
Provider_0658,2016,4,0.4537749801923423
Provider_0658,2017,6,0.20108782681924142
Provider_0658,2018,4,0.5507552626732957
Provider_0658,2019,12,0.5243497494858582
Provider_0658,2020,6,0.08781991526363048
Provider_0658,2021,11,0.2397963649136571
Provider_0675,2011,2,0.016346799714595833
Provider_0675,2012,3,0.30911310721269153
Provider_0675,2013,1,0.8882845719633151
Provider_0675,2014,2,0.9351782603631862
Provider_0675,2015,8,0.534250631736078
Provider_0675,2016,6,0.7956109878176449
Provider_0675,2017,4,0.9486365958108567
Provider_0675,2018,4,0.7581040530045835
Provider_0675,2019,4,0.3171773750595294
Provider_0675,2020,7,0.6937940385621062
Provider_0675,2021,8,0.9393341335687723
Provider_0677,2016,5,0.02518153779825204
Provider_0677,2017,6,0.03831353312743385
Provider_0677,2018,8,0.020964739844857944
Provider_0677,2019,23,0.06876208234969397
Provider_0677,2020,46,0.07457384780469117
Provider_0677,2021,34,0.07013670935323112
Provider_0677,2022,2,0.06717642623906245
Provider_0678,2016,3,0.03531884340310296
Provider_0678,2017,5,0.028334918149806793
Provider_0678,2018,4,0.0266338646534632
Provider_0678,2019,12,0.04213985560989966
Provider_0678,2020,18,0.04263767891806511
Provider_0678,2021,14,0.012924812963432187
Provider_0679,2012,1,0.03705006399475407
Provider_0679,2014,3,0.02956702908244017
Provider_0679,2015,3,0.0765180726195019
Provider_0679,2016,5,0.05391206911169964
Provider_0679,2017,2,0.025883041186223386
Provider_0679,2018,2,0.05076651263010699
Provider_0679,2019,3,0.020098516268057545
Provider_0679,2020,3,0.020546255505929225
Provider_0679,2021,1,0.041773666169144505
Provider_0680,2013,1,0.9518450908768541
Provider_0680,2015,8,0.14378872290868017
Provider_0680,2016,6,0.5286066874761872
Provider_0680,2017,6,0.3388075531404943
Provider_0680,2018,12,0.5802306678690067
Provider_0680,2019,14,0.6989956986226334
Provider_0680,2020,12,0.6661528785167817
Provider_0680,2021,14,0.6403755449449946
Provider_0682,2020,9,0.11046151925225497
Provider_0682,2021,14,0.43992850518256804
Provider_0686,2012,1,0.0021912210419299852
Provider_0686,2014,2,0.09003609456958148
Provider_0686,2015,8,0.23524856382874024
Provider_0686,2016,5,0.32405037533874953
Provider_0686,2017,4,0.8723842905060877
Provider_0686,2018,12,0.49525247241498843
Provider_0686,2019,6,0.3507226065024078
Provider_0686,2020,10,0.08674200551134989
Provider_0686,2021,16,0.34478576740498573
Provider_0687,2019,5,0.02923700942545803
Provider_0687,2020,19,0.09262858044384731
Provider_0687,2021,23,0.25593938204186883
Provider_0689,2013,1,0.05235577317060256
Provider_0689,2014,1,0.038400920133053504
Provider_0689,2015,1,0.00882778708371356
Provider_0689,2016,6,0.1103868165621492
Provider_0689,2017,2,0.06285265015119516
Provider_0689,2018,6,0.06566128325955133
Provider_0689,2019,5,0.01413284990347792
Provider_0689,2020,5,0.17635156991334838
Provider_0689,2021,2,0.025648077698530315
Provider_0690,2014,1,0.9929529164522644
Provider_0690,2015,3,0.9540010519570065
Provider_0690,2016,10,0.7913776243738196
Provider_0690,2017,3,0.36219545795982316
Provider_0690,2018,3,0.510789761743987
Provider_0690,2019,8,0.7919711870287032
Provider_0690,2020,13,0.7127790917056653
Provider_0690,2021,11,0.810032366221374
Provider_0693,2016,3,0.005820368917619142
Provider_0693,2017,7,0.2347953392742519
Provider_0693,2018,7,0.2904794903697411
Provider_0693,2019,7,0.17340596690084695
Provider_0693,2020,5,0.19552946772062899
Provider_0693,2021,7,0.2680627666053907
Provider_0695,2015,8,0.04753410390631954
Provider_0695,2016,12,0.09737065954756041
Provider_0695,2017,6,0.15559933643361643
Provider_0695,2018,5,0.08734260870220029
Provider_0695,2020,6,0.3661644360119281
Provider_0695,2021,6,0.27150326046056444
Provider_0697,2014,2,0.9594435757892268
Provider_0697,2015,5,0.8826974894985277
Provider_0697,2016,4,0.692843018753103
Provider_0697,2017,3,0.8435340088771123
Provider_0697,2018,11,0.9082346142531473
Provider_0697,2019,4,0.8060615616392452
Provider_0697,2020,5,0.9186208983515224
Provider_0697,2021,11,0.9450455662321517
Provider_0699,2014,1,0.001197748424817547
Provider_0699,2015,5,0.03377861157976697
Provider_0699,2016,11,0.13411039006546235
Provider_0699,2017,12,0.19541297830501858
Provider_0699,2018,5,0.018933213007399922
Provider_0700,2008,1,0.11706836946534285
Provider_0700,2010,1,0.9611737978180798
Provider_0700,2011,4,0.28758001895896645
Provider_0700,2012,1,0.0071855430189838474
Provider_0700,2013,3,0.02307303984825604
Provider_0700,2014,5,0.2809240739892211
Provider_0700,2015,8,0.08183389170432048
Provider_0700,2016,24,0.07786105138764203
Provider_0700,2017,22,0.08965837221637533
Provider_0700,2018,27,0.23281252885029316
Provider_0700,2019,20,0.05867005110712301
Provider_0700,2020,21,0.156046185163621
Provider_0700,2021,23,0.11621825963646219
Provider_0700,2022,1,0.0035053898335196264
Provider_0706,2015,1,0.9484168182555927
Provider_0706,2016,1,0.2869133626920424
Provider_0706,2019,5,0.9127359396279744
Provider_0706,2020,5,0.5609743051357194
Provider_0706,2021,13,0.7304303619400135
Provider_0720,2009,4,0.796862665621132
Provider_0720,2011,6,0.2509240639761328
Provider_0720,2012,6,0.3228195054370939
Provider_0720,2013,6,0.6873868395697751
Provider_0720,2014,6,0.691646009375221
Provider_0720,2015,13,0.47742337948408353
Provider_0720,2016,7,0.39125988322734745
Provider_0720,2017,4,0.47436076223853124
Provider_0720,2018,4,0.25181857472782204
Provider_0720,2019,7,0.33973560885659326
Provider_0720,2020,3,0.10576619086695312
Provider_0720,2021,7,0.55491674128064
Provider_0720,2022,2,0.9074565528400317
Provider_0726,2013,1,0.017244496801282164
Provider_0726,2016,3,0.274079623484969
Provider_0726,2017,3,0.1587327752465061
Provider_0726,2018,2,0.00947136611663806
Provider_0726,2019,5,0.18963001898387163
Provider_0726,2020,5,0.2563795662614018
Provider_0726,2021,2,0.4472440205999372
Provider_0726,2022,1,0.02710090126245939
Provider_0727,2015,1,0.014619418245718274
Provider_0727,2016,5,0.21013979199719132
Provider_0727,2017,9,0.06700608162338233
Provider_0727,2018,8,0.14876793442134376
Provider_0727,2019,5,0.21331395551286048
Provider_0727,2020,2,0.034641860576747355
Provider_0727,2021,11,0.04870112552780797
Provider_0727,2022,1,0.007010798090605356
Provider_0732,2012,1,0.13362703875270576
Provider_0732,2013,3,0.2938994856490115
Provider_0732,2014,1,0.9413299050365601
Provider_0732,2015,3,0.7748411472369064
Provider_0732,2016,2,0.10598464589709511
Provider_0732,2017,4,0.4287144755621832
Provider_0732,2018,3,0.4170155080622455
Provider_0732,2019,6,0.5239334355719469
Provider_0732,2020,4,0.4451215490534468
Provider_0732,2021,5,0.29766772137710534
Provider_0734,2010,1,0.12200544981092405
Provider_0734,2011,1,0.03429445440750725
Provider_0734,2012,3,0.13099750602786842
Provider_0734,2013,2,0.1433272926497417
Provider_0734,2014,3,0.08651705459149729
Provider_0734,2015,6,0.03570416675108303
Provider_0734,2016,4,0.16779371630514034
Provider_0734,2017,3,0.05653406225258611
Provider_0734,2018,5,0.05911856868003087
Provider_0734,2019,2,0.023202690512154754
Provider_0734,2020,4,0.09697042460935196
Provider_0734,2021,3,0.07631529874984345
Provider_0734,2022,2,0.7904196581398673
Provider_0735,2013,1,0.055362824414898405
Provider_0735,2015,3,0.4018950848130401
Provider_0735,2016,4,0.22031511548330976
Provider_0735,2017,4,0.5663189598799941
Provider_0735,2018,4,0.08640456242446211
Provider_0735,2019,5,0.471784294851098
Provider_0735,2020,2,0.5708717955061682
Provider_0735,2021,1,0.9845233761478819
Provider_0742,2016,2,0.18701251969660723
Provider_0742,2017,9,0.2312396600463533
Provider_0742,2018,6,0.26327442082269087
Provider_0742,2019,10,0.20479792112130496
Provider_0742,2020,4,0.25842527482737937
Provider_0743,2012,1,0.7364829032737262
Provider_0743,2013,2,0.07905917941316863
Provider_0743,2014,1,0.01327603272430583
Provider_0743,2015,1,0.1468659800638042
Provider_0743,2016,1,0.042698450773815795
Provider_0743,2017,5,0.27396858040744904
Provider_0743,2018,2,0.05950325113697913
Provider_0743,2019,1,0.004924049873926682
Provider_0743,2020,3,0.03709078703026893
Provider_0743,2021,3,0.05149686453910973
Provider_0744,2013,1,0.7328783359379433
Provider_0744,2014,6,0.7475163019605944
Provider_0744,2015,2,0.7194646978886635
Provider_0744,2016,18,0.16325468950024527
Provider_0744,2017,1,0.017347188696176987
Provider_0744,2018,2,0.8450211790523683
Provider_0744,2019,5,0.14330028073872358
Provider_0744,2020,3,0.030871567393257627
Provider_0744,2021,4,0.28083609784797464
Provider_0747,2011,1,0.13218437060107785
Provider_0747,2012,1,0.008950931276359023
Provider_0747,2013,1,0.9818186998617983
Provider_0747,2015,2,0.7918078036544183
Provider_0747,2016,3,0.015691672445836552
Provider_0747,2017,4,0.04840261614231622
Provider_0747,2018,3,0.03440468247547465
Provider_0747,2019,4,0.24892431042173888
Provider_0747,2020,1,0.0015992733156810135
Provider_0748,2013,3,0.1289425158366019
Provider_0748,2014,1,0.8470824055430604
Provider_0748,2015,5,0.396611363039743
Provider_0748,2016,1,0.9745616740671271
Provider_0748,2017,5,0.37356118445744013
Provider_0748,2018,4,0.06391877620902632
Provider_0748,2019,1,0.03767380079349704
Provider_0748,2020,4,0.48811275591995384
Provider_0748,2021,4,0.7202359371544058
Provider_0748,2022,1,0.9969370937665935
Provider_0750,2012,2,0.5358457303303781
Provider_0750,2013,4,0.5496131393570207
Provider_0750,2014,2,0.01235010253324552
Provider_0750,2015,5,0.5027649094597211
Provider_0750,2016,14,0.4479301269240589
Provider_0750,2017,16,0.2900244411096158
Provider_0750,2018,13,0.2630639187849083
Provider_0750,2019,10,0.492639075324422
Provider_0750,2020,6,0.1575918397347817
Provider_0750,2021,7,0.3474605567353815
Provider_0751,2013,1,0.9864388733220751
Provider_0751,2014,4,0.2580046261299842
Provider_0751,2015,1,0.00024226157437484634
Provider_0751,2016,2,0.7654954621975351
Provider_0751,2017,3,0.8320635698986926
Provider_0751,2018,5,0.9065738202122244
Provider_0751,2019,5,0.027090836926185257
Provider_0751,2020,2,0.04008118178358309
Provider_0751,2021,4,0.687045787521408
Provider_0756,2017,2,0.019462806677013934
Provider_0756,2018,4,0.47380713457553614
Provider_0756,2019,13,0.7287017739566319
Provider_0756,2020,11,0.469014112937057
Provider_0756,2021,9,0.05425110254877182
Provider_0771,2012,1,0.012947700413425939
Provider_0771,2013,2,0.14143411751332724
Provider_0771,2015,3,0.04862199019251134
Provider_0771,2016,5,0.1737759648224989
Provider_0771,2017,1,0.0076367586597571755
Provider_0771,2018,3,0.04734769743191328
Provider_0771,2019,2,0.33370362327718117
Provider_0771,2020,1,0.6401698659076991
Provider_0771,2021,5,0.727127175951569
Provider_0777,2017,8,0.76876239868093
Provider_0777,2018,3,0.92180266188535
Provider_0777,2019,5,0.8767109704293399
Provider_0777,2020,2,0.49626764168197335
Provider_0777,2021,8,0.7410688777899893
Provider_0779,2010,1,0.14859752602292145
Provider_0779,2014,2,0.02522757302713796
Provider_0779,2015,3,0.23170431433227767
Provider_0779,2016,9,0.1898658779884363
Provider_0779,2017,4,0.06970382430868542
Provider_0779,2018,4,0.031442951303515015
Provider_0779,2019,3,0.174122542258057
Provider_0779,2020,2,0.059497169720187947
Provider_0782,2012,2,0.4983895216134679
Provider_0782,2013,1,0.3460113436137275
Provider_0782,2014,3,0.5489304840611517
Provider_0782,2015,2,0.5425880291879553
Provider_0782,2016,2,0.03045881289314268
Provider_0782,2017,1,0.8937800234440684
Provider_0782,2018,9,0.7688773474546472
Provider_0782,2019,14,0.6121465570698225
Provider_0782,2020,8,0.5913731598794002
Provider_0782,2021,4,0.5815554613800226
Provider_0786,2013,5,0.06602265993488333
Provider_0786,2014,4,0.3027576222706245
Provider_0786,2015,4,0.34240147748333116
Provider_0786,2016,2,0.1262764641939611
Provider_0786,2017,2,0.006121072791197548
Provider_0786,2019,1,0.008747244969759347
Provider_0786,2020,5,0.0342028906770927
Provider_0786,2021,2,0.04633723106276916
Provider_0793,2013,1,0.03238302995940946
Provider_0793,2015,2,0.008981815857565778
Provider_0793,2016,4,0.04381037628445205
Provider_0793,2017,2,0.15735275547946223
Provider_0793,2018,4,0.30754265215434445
Provider_0793,2019,2,0.007028657954795487
Provider_0793,2020,3,0.027476782132216854
Provider_0793,2021,2,0.003766926393520405
Provider_0797,2012,4,0.3069507179912846
Provider_0797,2013,3,0.07989714327408633
Provider_0797,2014,3,0.07991626092144659
Provider_0797,2015,3,0.6339503654539176
Provider_0797,2016,2,0.514653077616899
Provider_0797,2017,3,0.06066224499989503
Provider_0797,2018,1,0.0015507860250967413
Provider_0797,2019,6,0.06715827945127975
Provider_0797,2020,1,0.023259603172869483
Provider_0797,2021,4,0.06478768106090446
Provider_0802,2014,1,0.007504786064761646
Provider_0802,2015,7,0.17734802768241528
Provider_0802,2016,1,0.00014667276553008546
Provider_0802,2017,3,0.009118333844158527
Provider_0802,2018,14,0.2526450965307337
Provider_0802,2019,14,0.1270129617666017
Provider_0802,2020,8,0.10742340100389725
Provider_0802,2021,13,0.13154816063799776
Provider_0803,2011,1,0.9604131875589315
Provider_0803,2012,3,0.44603017119043314
Provider_0803,2013,1,0.24292920969419174
Provider_0803,2014,3,0.3560323704662054
Provider_0803,2015,2,0.5913755298786194
Provider_0803,2016,4,0.4879931998362551
Provider_0803,2017,2,0.2715860975250388
Provider_0803,2018,2,0.7573334409517942
Provider_0803,2019,5,0.3889478381330504
Provider_0803,2020,3,0.6278839277957403
Provider_0803,2021,2,0.9352957803235913
Provider_0803,2022,1,0.019061692480402997
Provider_0809,2014,1,0.061300349563432326
Provider_0809,2015,4,0.13608032568054176
Provider_0809,2016,3,0.18770435833013724
Provider_0809,2017,5,0.07848927503592684
Provider_0809,2018,11,0.04126132068149508
Provider_0809,2019,6,0.09172927866908749
Provider_0809,2020,1,0.15089307461384838
Provider_0809,2021,1,0.16057796529593288
Provider_0812,2017,9,0.16004433632863183
Provider_0812,2018,6,0.3160871744486203
Provider_0812,2019,9,0.10934777607791045
Provider_0812,2020,13,0.20122264964461972
Provider_0812,2021,10,0.2861878666735008
Provider_0812,2022,1,0.005648429584560463
Provider_0813,2012,2,0.8944601916258174
Provider_0813,2014,8,0.6592799918552168
Provider_0813,2015,9,0.6953079497639344
Provider_0813,2016,6,0.6421429105740906
Provider_0813,2017,10,0.41783417476086554
Provider_0813,2018,8,0.7749607715103612
Provider_0813,2019,10,0.5701144108204341
Provider_0813,2020,7,0.5471462430519833
Provider_0813,2021,18,0.7619647054933898
Provider_0816,2011,1,0.9187351849107007
Provider_0816,2012,1,0.9923559468199193
Provider_0816,2013,6,0.8367143592329044
Provider_0816,2014,3,0.9612797950822882
Provider_0816,2015,1,0.9956535007227942
Provider_0816,2016,1,0.9871091622062301
Provider_0816,2017,4,0.741878192428518
Provider_0816,2018,3,0.930835590244944
Provider_0816,2019,3,0.9308160614050336
Provider_0816,2020,6,0.7011147506903622
Provider_0816,2021,1,0.9683956856062332
Provider_0818,2013,1,0.003475295466274011
Provider_0818,2014,1,0.9299567110236706
Provider_0818,2015,4,0.040105526746447996
Provider_0818,2016,1,0.03026859458085843
Provider_0818,2017,6,0.3477855018457703
Provider_0818,2018,8,0.0680739830434305
Provider_0818,2019,13,0.46993560010537017
Provider_0818,2020,4,0.5218954585404266
Provider_0818,2021,9,0.6305905178101259
Provider_0819,2015,2,0.06756182408079042
Provider_0819,2016,2,0.06706709721754321
Provider_0819,2017,6,0.34757357135573513
Provider_0819,2018,4,0.33004126134712625
Provider_0819,2019,4,0.04641810682315052
Provider_0819,2020,3,0.015476739681949419
Provider_0819,2021,1,0.029060487503707384
Provider_0824,2011,1,0.0262314436386065
Provider_0824,2015,1,0.1107095446357135
Provider_0824,2016,2,0.05486838038127897
Provider_0824,2017,5,0.355556631052021
Provider_0824,2018,10,0.3544190156884497
Provider_0824,2019,6,0.3363003242603413
Provider_0824,2020,9,0.25770622539081933
Provider_0824,2021,4,0.41729391591217224
Provider_0824,2022,1,0.3485231555006911
Provider_0827,2011,1,0.13044154039519562
Provider_0827,2012,2,0.9702346821714054
Provider_0827,2013,1,0.11442002346047231
Provider_0827,2014,4,0.6012138362575209
Provider_0827,2015,5,0.5821246496609366
Provider_0827,2016,1,0.04622862021053955
Provider_0827,2017,3,0.18214807892464832
Provider_0827,2019,1,0.989503518820787
Provider_0827,2020,4,0.475279450284736
Provider_0827,2021,2,0.5748401434025625
Provider_0828,2010,1,0.0719880773010743
Provider_0828,2011,3,0.6411924581627649
Provider_0828,2012,3,0.6944495810761522
Provider_0828,2013,2,0.5593504872818711
Provider_0828,2014,4,0.3177696340481103
Provider_0828,2015,4,0.37888374543017467
Provider_0828,2016,8,0.5241969399204808
Provider_0828,2017,21,0.40361015598188044
Provider_0828,2018,16,0.3467912902128965
Provider_0828,2019,21,0.42559442541257636
Provider_0828,2020,21,0.3379859021459836
Provider_0828,2021,23,0.5131815170463028
Provider_0834,2011,3,0.9723318157902484
Provider_0834,2012,1,0.9734962602319779
Provider_0834,2013,3,0.6768669168268081
Provider_0834,2014,4,0.8657856698828273
Provider_0834,2015,2,0.41685798638638166
Provider_0834,2016,4,0.7707752869172445
Provider_0834,2017,2,0.5572837568192522
Provider_0834,2018,1,0.9917659783775667
Provider_0836,2016,2,0.032797347686529796
Provider_0836,2017,4,0.029868501550561203
Provider_0836,2018,7,0.011279008617512984
Provider_0836,2019,7,0.03765519950159362
Provider_0836,2020,9,0.1496101657029803
Provider_0836,2021,2,0.010137577089174881
Provider_0837,2011,1,0.6367757419528223
Provider_0837,2013,1,0.5838519906685435
Provider_0837,2014,2,0.8298293125670673
Provider_0837,2015,3,0.6142318285876617
Provider_0837,2016,2,0.8842708811240315
Provider_0837,2017,4,0.83218031560798
Provider_0837,2018,10,0.4896257338644478
Provider_0837,2019,8,0.6517321770787294
Provider_0837,2020,7,0.774827281894018
Provider_0837,2021,8,0.9162728038363658
Provider_0839,2012,2,0.9109505113329426
Provider_0839,2014,3,0.7033625264086384
Provider_0839,2015,3,0.04458554868043229
Provider_0839,2018,1,0.016601634770077894
Provider_0839,2019,2,0.01615836081160491
Provider_0839,2020,8,0.3518276985476271
Provider_0839,2021,10,0.4760736661909707
Provider_0839,2022,1,0.8196567711140246
Provider_0842,2014,3,0.3465048889071108
Provider_0842,2015,3,0.028521553503372873
Provider_0842,2016,5,0.05106816591069822
Provider_0842,2017,3,0.009047519442064765
Provider_0842,2018,3,0.33525194395610475
Provider_0842,2019,4,0.02778682297230682
Provider_0842,2020,4,0.07600800865733807
Provider_0842,2021,2,0.007518670521914868
Provider_0846,2011,3,0.39242338401439647
Provider_0846,2012,4,0.7507556844004976
Provider_0846,2013,2,0.919995252791241
Provider_0846,2014,1,0.9311771739062105
Provider_0846,2015,2,0.9228368230947077
Provider_0846,2016,4,0.5575680987051191
Provider_0846,2017,1,0.8002955142606009
Provider_0846,2018,2,0.9714207790566278
Provider_0846,2020,2,0.6572532486355911
Provider_0846,2021,2,0.8289837732961098
Provider_0851,2010,1,0.1254019347412984
Provider_0851,2012,1,0.030908819388587874
Provider_0851,2013,1,0.022590879047413595
Provider_0851,2014,5,0.25343902962704806
Provider_0851,2015,9,0.39963457287532766
Provider_0851,2016,2,0.9020254800453072
Provider_0851,2017,4,0.3784642428445943
Provider_0851,2018,4,0.30215872371654645
Provider_0851,2019,5,0.5124472857100942
Provider_0851,2020,4,0.5286548577351893
Provider_0859,2014,2,0.6028486005771457
Provider_0859,2015,3,0.6418221873871567
Provider_0859,2016,3,0.5148068234074127
Provider_0859,2017,8,0.44180071627607664
Provider_0859,2018,5,0.5494474539386373
Provider_0859,2019,8,0.5478729899611612
Provider_0859,2020,4,0.36256816750665066
Provider_0859,2021,8,0.5839279024311059
Provider_0861,2013,1,0.07628748101857827
Provider_0861,2014,2,0.8934065436574692
Provider_0861,2015,1,0.022471579990201673
Provider_0861,2016,4,0.44274017749303335
Provider_0861,2017,2,0.027394394912298548
Provider_0861,2018,3,0.9231843676203396
Provider_0861,2019,3,0.029478700785695543
Provider_0861,2020,2,0.02966176317923104
Provider_0861,2021,9,0.15114687912636485
Provider_0867,2011,1,0.8355140292008849
Provider_0867,2014,5,0.39581398230736686
Provider_0867,2015,3,0.3375606567909719
Provider_0867,2016,11,0.2636250808529818
Provider_0867,2017,8,0.20529132834573116
Provider_0867,2018,5,0.39548547090508035
Provider_0867,2019,7,0.5609024633712735
Provider_0867,2020,5,0.5871948009987703
Provider_0867,2021,3,0.7271408304844741
Provider_0874,2012,3,0.6589731218072877
Provider_0874,2014,1,0.12203497429373052
Provider_0874,2015,4,0.4678728710924712
Provider_0874,2016,4,0.2887389420410635
Provider_0874,2017,2,0.10926708198996614
Provider_0874,2018,3,0.06118433499278531
Provider_0874,2019,7,0.17918267724717282
Provider_0874,2020,10,0.20833542299482488
Provider_0874,2021,9,0.3848154707980123
Provider_0891,2016,2,0.8160128445938544
Provider_0891,2017,4,0.737830142117813
Provider_0891,2018,6,0.6349603191793589
Provider_0891,2020,4,0.9100047942744943
Provider_0891,2021,4,0.878922779509781
Provider_0894,2015,1,0.029602460771498158
Provider_0894,2017,1,0.03452487787904131
Provider_0894,2018,4,0.1531053420627414
Provider_0894,2019,3,0.18858555030468674
Provider_0894,2020,11,0.03686539087032517
Provider_0894,2021,2,0.11756605399511658
Provider_0897,2008,1,0.2754646947374576
Provider_0897,2009,1,0.09755245032252487
Provider_0897,2011,1,0.630107869329306
Provider_0897,2013,1,0.9515396600518108
Provider_0897,2014,1,0.06728707609179681
Provider_0897,2015,2,0.11520071708115513
Provider_0897,2017,2,0.47545090847793703
Provider_0897,2018,4,0.7792197280828126
Provider_0897,2019,4,0.7408864658702127
Provider_0897,2020,2,0.2834556385650806
Provider_0897,2021,7,0.3339821676298601
Provider_0902,2013,2,0.06595127027638745
Provider_0902,2014,7,0.4330110202036205
Provider_0902,2015,6,0.053395275384398054
Provider_0902,2016,5,0.48119623235330866
Provider_0902,2017,4,0.052818935653059194
Provider_0902,2018,2,0.08628121322216294
Provider_0902,2019,10,0.028288529688770325
Provider_0902,2020,1,0.0019495649485614056
Provider_0902,2021,4,0.07141092938575294
Provider_0907,2013,6,0.9576906818181324
Provider_0907,2014,19,0.7534445826773564
Provider_0907,2015,12,0.9446019540290509
Provider_0907,2016,4,0.9720301770708788
Provider_0907,2017,6,0.9386940851748983
Provider_0907,2018,2,0.7009705533621358
Provider_0907,2019,2,0.9688532369804135
Provider_0907,2021,4,0.9153455088619077
Provider_0908,2015,2,0.9500241034878556
Provider_0908,2016,1,0.0033606710994106078
Provider_0908,2017,14,0.6197433048973953
Provider_0908,2018,8,0.33469543337126106
Provider_0908,2019,8,0.45538211454668265
Provider_0915,2010,1,0.01947391197692913
Provider_0915,2011,1,0.0914780669888048
Provider_0915,2012,3,0.5670134651558707
Provider_0915,2013,1,0.583944430954052
Provider_0915,2014,2,0.2728941455217552
Provider_0915,2015,1,0.9663759465744111
Provider_0915,2016,5,0.3955586173575026
Provider_0915,2017,9,0.3775159445188124
Provider_0915,2018,1,0.8899580998643972
Provider_0915,2019,1,0.014706191919503066
Provider_0915,2020,1,0.08193673149297934
Provider_0915,2021,2,0.4270106218841632
Provider_0921,2011,1,0.09682151562575149
Provider_0921,2012,2,0.993661952568814
Provider_0921,2013,7,0.886657411108467
Provider_0921,2014,6,0.7326346755910373
Provider_0921,2016,3,0.6639111894304087
Provider_0921,2017,3,0.6408106456880481
Provider_0921,2018,4,0.539979046014992
Provider_0921,2019,2,0.48944585627040355
Provider_0921,2020,2,0.9461997406841127
Provider_0921,2021,4,0.7166628490072734
Provider_0922,2012,1,0.9421541163853837
Provider_0922,2013,1,0.9938325111968129
Provider_0922,2014,1,0.9142531547886051
Provider_0922,2015,3,0.5489198767519415
Provider_0922,2016,3,0.9042394676850255
Provider_0922,2017,1,0.20893078437192047
Provider_0922,2018,4,0.6162860391022333
Provider_0922,2019,2,0.019239991860579623
Provider_0922,2020,3,0.07660803176972426
Provider_0922,2021,2,0.4845067291285271
Provider_0925,2007,1,0.8741238005706552
Provider_0925,2008,1,0.8748902754239246
Provider_0925,2011,1,0.10840350976955387
Provider_0925,2012,4,0.720888732336781
Provider_0925,2013,2,0.9608935096582856
Provider_0925,2014,4,0.7346450836392651
Provider_0925,2015,8,0.22050794961948605
Provider_0925,2016,22,0.04928258118107318
Provider_0925,2017,31,0.18566858433548422
Provider_0925,2018,17,0.3705777663549674
Provider_0925,2019,16,0.40172570448597716
Provider_0925,2020,11,0.44241226009173107
Provider_0925,2021,18,0.5727114531635213
Provider_0925,2022,2,0.4276843410364405
Provider_0927,2012,1,0.10164891254325187
Provider_0927,2014,1,0.015861151929517522
Provider_0927,2015,2,0.00977661484007904
Provider_0927,2016,3,0.024005779120271895
Provider_0927,2017,2,0.04500622340521055
Provider_0927,2018,3,0.0680531588359276
Provider_0927,2019,5,0.05420361292681678
Provider_0927,2020,8,0.024081115180466562
Provider_0927,2021,4,0.02672324723358894
Provider_0933,2010,1,0.1654561516433799
Provider_0933,2011,1,0.06047825443825235
Provider_0933,2012,4,0.04007363986456589
Provider_0933,2013,4,0.08173924015269134
Provider_0933,2014,5,0.2712432760414924
Provider_0933,2015,8,0.39877774142566175
Provider_0933,2016,7,0.6409262719038467
Provider_0933,2017,2,0.080217853722792
Provider_0933,2018,3,0.7006656324897388
Provider_0933,2019,3,0.046058936764096135
Provider_0933,2020,11,0.1625174607650698
Provider_0933,2021,8,0.12441665714014932
Provider_0933,2022,1,0.8806178174220813
Provider_0937,2013,1,0.9908418568203697
Provider_0937,2014,6,0.9657774888345325
Provider_0937,2015,2,0.9496361933768278
Provider_0937,2016,5,0.6768607327714979
Provider_0937,2017,3,0.9388083911113799
Provider_0937,2018,6,0.7745850488353416
Provider_0937,2019,6,0.5857515191034669
Provider_0937,2020,1,0.9491061893541871
Provider_0939,2011,1,0.012423546190327622
Provider_0939,2012,2,0.1802992679480457
Provider_0939,2013,1,0.06229088769395925
Provider_0939,2017,5,0.4819123289629538
Provider_0939,2018,4,0.10589708975444401
Provider_0939,2019,7,0.8171861383913449
Provider_0939,2020,1,0.9828123285601537
Provider_0939,2021,7,0.6151594988369161
Provider_0939,2022,1,0.9546356141724089
Provider_0947,2015,1,0.017851814487418134
Provider_0947,2017,3,0.06909707398750858
Provider_0947,2018,5,0.22420606094105736
Provider_0947,2019,6,0.20161182935103208
Provider_0947,2020,3,0.15685244278092275
Provider_0947,2021,2,0.04971675566019017
Provider_0953,2014,2,0.03000004025777362
Provider_0953,2015,5,0.03967037381956155
Provider_0953,2016,6,0.028138412762306126
Provider_0953,2017,6,0.058482437896253237
Provider_0953,2018,14,0.05920581680486397
Provider_0953,2019,27,0.031310641903154704
Provider_0953,2020,8,0.02082332033396907
Provider_0953,2021,14,0.03482272955840146
Provider_0956,2015,1,0.0412470529752423
Provider_0956,2016,4,0.47455093413012
Provider_0956,2017,3,0.6437341691031356
Provider_0956,2018,2,0.7785544404079758
Provider_0956,2019,5,0.02255491616973859
Provider_0956,2020,7,0.2981953692826313
Provider_0956,2021,9,0.3245147999816904
Provider_0966,2018,5,0.03230509344735195
Provider_0966,2019,9,0.04333250015835824
Provider_0966,2020,3,0.015203645863555208
Provider_0966,2021,20,0.032499483386997076
Provider_0966,2022,1,0.000804543116547344
Provider_0967,2011,3,0.08929609584387495
Provider_0967,2012,2,0.1882653149335551
Provider_0967,2013,1,0.3113458051710121
Provider_0967,2015,3,0.04779076160632751
Provider_0967,2016,3,0.2930547517436476
Provider_0967,2017,2,0.08534193700465749
Provider_0967,2019,5,0.19938125825755526
Provider_0967,2020,2,0.6534755232840723
Provider_0967,2021,2,0.030495840286603994
Provider_0972,2016,2,0.052295344454577966
Provider_0972,2018,6,0.026819939741497767
Provider_0972,2019,7,0.044194986331339836
Provider_0972,2020,16,0.19981812786571318
Provider_0972,2021,7,0.02947787652592559
Provider_0973,2013,2,0.22818973836684478
Provider_0973,2015,3,0.19571983293783912
Provider_0973,2016,3,0.3927537865410769
Provider_0973,2017,1,0.010546679933549354
Provider_0973,2018,4,0.2898285447197878
Provider_0973,2019,2,0.26904856340631605
Provider_0973,2020,1,0.011590393819373861
Provider_0973,2021,4,0.26606741580405024
Provider_0975,2012,5,0.7746914889501657
Provider_0975,2013,5,0.7372123132248418
Provider_0975,2014,2,0.907264526677285
Provider_0975,2015,5,0.6502182930970171
Provider_0975,2016,13,0.7282522607144569
Provider_0975,2017,11,0.5276602737779942
Provider_0975,2018,16,0.6076218135891831
Provider_0975,2019,9,0.4690018765073833
Provider_0975,2020,12,0.7734657306950083
Provider_0975,2021,4,0.4689803869359795
Provider_0975,2022,2,0.9212616146335257
Provider_0978,2012,4,0.9673934616282361
Provider_0978,2013,6,0.4425239799663911
Provider_0978,2014,14,0.7167284745045794
Provider_0978,2015,9,0.8133893115266185
Provider_0978,2016,1,0.11081796042604752
Provider_0978,2017,9,0.5126162172678667
Provider_0978,2018,3,0.10650459375945703
Provider_0978,2019,5,0.2312236346274986
Provider_0978,2021,1,0.014648400342620476
Provider_0979,2012,1,0.9979579295704579
Provider_0979,2014,2,0.8524355628110294
Provider_0979,2015,5,0.818738375243003
Provider_0979,2016,9,0.7444351210351425
Provider_0979,2017,3,0.598172422666002
Provider_0979,2018,4,0.9805437085886625
Provider_0979,2019,1,0.9910964240357524
Provider_0979,2020,3,0.9535478891804022
Provider_0979,2021,1,0.9180791955775098
Provider_0982,2016,2,0.05462260289639989
Provider_0982,2017,4,0.5064965615654546
Provider_0982,2018,5,0.7535693456375268
Provider_0982,2019,6,0.36930200735480606
Provider_0982,2020,2,0.9520267949838754
Provider_0982,2021,2,0.7709796665904525
Provider_0984,2012,1,0.10436145180366138
Provider_0984,2013,1,0.0898082200186783
Provider_0984,2014,3,0.9409517608060325
Provider_0984,2015,5,0.2779070476102211
Provider_0984,2016,2,0.6392757909748252
Provider_0984,2017,7,0.9395500509306142
Provider_0984,2018,7,0.5893478421035306
Provider_0984,2019,4,0.7743474860789081
Provider_0984,2020,3,0.6122817079520896
Provider_0984,2021,8,0.8806248203311576
Provider_0984,2022,2,0.9158239232052703
Provider_0985,2016,3,0.023095377090331937
Provider_0985,2017,4,0.016128997445099758
Provider_0985,2018,10,0.18200267196827852
Provider_0985,2019,15,0.1929596467879394
Provider_0985,2020,10,0.18860836075019172
Provider_0985,2021,5,0.25076776718195226
Provider_0986,2015,9,0.7043934451482018
Provider_0986,2016,8,0.38183415641005297
Provider_0986,2017,11,0.23756921106214576
Provider_0986,2018,15,0.36088215901208043
Provider_0986,2019,14,0.2964274797381167
Provider_0986,2020,8,0.38395299803084726
Provider_0986,2021,6,0.23223022141100547
Provider_0992,2008,1,0.02760374661766279
Provider_0992,2010,1,0.02191082181087153
Provider_0992,2011,2,0.7046452401856456
Provider_0992,2013,5,0.4669385074962733
Provider_0992,2014,1,0.07004137826957738
Provider_0992,2015,1,0.0135931602762586
Provider_0992,2016,3,0.7295290758225339
Provider_0992,2017,2,0.5591527593948722
Provider_0992,2018,2,0.1783712736306554
Provider_0992,2019,5,0.6547781788365836
Provider_0992,2020,7,0.30201158088435825
Provider_0992,2021,1,0.030973186050464657
Provider_0997,2013,2,0.08089886007614037
Provider_0997,2014,3,0.9027102747284492
Provider_0997,2015,7,0.34553812529860334
Provider_0997,2016,15,0.39943066573624386
Provider_0997,2017,15,0.5882915710733992
Provider_0997,2018,21,0.72411713900477
Provider_0997,2019,15,0.6250228696429481
Provider_0997,2020,4,0.7438752263549453
Provider_0997,2021,13,0.7786722398481482
Provider_0997,2022,1,0.9125725900661157
Provider_0998,2016,3,0.04741784350523528
Provider_0998,2017,6,0.46784701373833876
Provider_0998,2018,6,0.7673466986013207
Provider_0998,2019,5,0.41321004904346703
Provider_0998,2020,1,0.20998501127341096
Provider_0998,2021,7,0.6285374719025765
Provider_1014,2014,2,0.5241276942470201
Provider_1014,2015,1,0.9677667801262493
Provider_1014,2017,2,0.4146194909255774
Provider_1014,2018,4,0.97085169572201
Provider_1014,2019,4,0.7227286025768268
Provider_1014,2020,6,0.6319086649386625
Provider_1014,2021,10,0.9531968530200758
Provider_1016,2014,4,0.612028347962183
Provider_1016,2015,2,0.02085593569159693
Provider_1016,2016,4,0.011639646308639657
Provider_1016,2018,6,0.1283562789225763
Provider_1016,2019,3,0.7332356953666906
Provider_1016,2020,1,0.0823324106300961
Provider_1016,2021,6,0.63679748317253
Provider_1018,2008,1,0.38200949835805825
Provider_1018,2012,3,0.04629894304001573
Provider_1018,2013,6,0.07886264120762924
Provider_1018,2014,7,0.16274233418152023
Provider_1018,2015,9,0.043190747937925274
Provider_1018,2016,9,0.11110901807221872
Provider_1018,2017,9,0.037657499158397695
Provider_1018,2018,7,0.050122164900758326
Provider_1018,2019,4,0.22066863678233067
Provider_1018,2020,6,0.028124849983687483
Provider_1018,2021,5,0.055532223002568395
Provider_1018,2022,1,0.16583687967188715
Provider_1020,2012,2,0.9661248038930297
Provider_1020,2013,1,0.1252126674673547
Provider_1020,2015,3,0.9275437264789427
Provider_1020,2016,2,0.5047710818440381
Provider_1020,2017,5,0.53289874583469
Provider_1020,2018,7,0.6464715109811825
Provider_1020,2019,8,0.4801549460736845
Provider_1020,2020,4,0.848954736062449
Provider_1020,2021,4,0.589422948191866
Provider_1023,2013,1,0.1473782505755102
Provider_1023,2014,2,0.14327142624857409
Provider_1023,2016,5,0.06059381860833056
Provider_1023,2017,3,0.011264067291434018
Provider_1023,2018,4,0.2638913052285541
Provider_1023,2019,2,0.027946258089907118
Provider_1023,2020,2,0.02169054271769098
Provider_1023,2021,2,0.02587725880956151
Provider_1036,2010,1,0.08945038499216176
Provider_1036,2014,1,0.0018863898241716069
Provider_1036,2015,1,0.016328188444535024
Provider_1036,2016,3,0.4216197018352454
Provider_1036,2017,2,0.0850994198146862
Provider_1036,2018,11,0.010664178499185113
Provider_1036,2019,10,0.18347465117048292
Provider_1036,2020,5,0.24510214660519414
Provider_1036,2021,9,0.12348367925543956
Provider_1040,2014,1,0.011591419525879559
Provider_1040,2015,2,0.9348777020174265
Provider_1040,2016,1,0.2470847295361703
Provider_1040,2017,3,0.01722953589898971
Provider_1040,2018,5,0.3894312329416424
Provider_1040,2019,4,0.25744697904809377
Provider_1040,2020,2,0.9768437593244192
Provider_1040,2021,4,0.4045299493112461
Provider_1040,2022,1,0.8902770349198686
Provider_1044,2012,2,0.9735111006924484
Provider_1044,2014,4,0.9590279002471507
Provider_1044,2015,6,0.8000814450511126
Provider_1044,2016,6,0.8292140665241584
Provider_1044,2017,4,0.8758392663388724
Provider_1044,2018,3,0.7301710944754441
Provider_1044,2019,11,0.976930601766783
Provider_1044,2020,3,0.9268221089515368
Provider_1044,2021,4,0.5664085165672144
Provider_1048,2013,3,0.025100181944914965
Provider_1048,2014,3,0.05815356002676009
Provider_1048,2015,3,0.5260462203191038
Provider_1048,2016,2,0.09860205921572848
Provider_1048,2019,1,0.0063575145805013595
Provider_1048,2020,10,0.36257184290052125
Provider_1048,2021,5,0.41483911568679
Provider_1049,2012,1,0.0015808268472288173
Provider_1049,2013,1,0.013111723988745659
Provider_1049,2014,3,0.062068999264746814
Provider_1049,2015,4,0.08244270997309447
Provider_1049,2016,7,0.2547953779340455
Provider_1049,2017,6,0.1528368047164656
Provider_1049,2018,12,0.21169588297774247
Provider_1049,2019,8,0.026787336600023946
Provider_1049,2020,5,0.0661446205435972
Provider_1049,2021,4,0.1152810234870364
Provider_1054,2012,1,0.46262210809834287
Provider_1054,2013,1,0.7638539730009429
Provider_1054,2014,5,0.3401363448341592
Provider_1054,2015,2,0.9696599917993514
Provider_1054,2016,2,0.5078451484763229
Provider_1054,2018,5,0.4080853498596631
Provider_1054,2019,4,0.8242166294334441
Provider_1054,2020,1,0.33784116112764845
Provider_1054,2021,5,0.6695740560116382
