service_group,reviews,businesses,average_stars,negative_rate
Property Management & Inspection,1404,88,2.2735042735042734,0.6723646723646723
"Electrical, Solar & Security",1023,54,3.204301075268817,0.43304007820136853
Moving & Hauling,1280,65,3.54609375,0.34921875
Plumbing & Water,2869,114,3.6040432206343676,0.33217148832345766
Repair & Installation,1564,97,3.623401534526854,0.33184143222506396
Construction & Remodeling,3724,236,3.744092373791622,0.2932330827067669
Outdoor & Landscaping,2978,205,3.8106111484217595,0.28710543989254533
HVAC & Air Quality,1383,80,3.9154013015184383,0.25813449023861174
Cleaning & Restoration,1718,115,4.048894062863795,0.22351571594877764
